mkdir: cannot create directory ‘ProxyBA12_10’: File exists
── Attaching core tidyverse packages ──────────────────────── tidyverse 2.0.0 ──
✔ dplyr     1.1.0     ✔ purrr     1.0.1
✔ forcats   1.0.0     ✔ stringr   1.5.0
✔ ggplot2   3.4.1     ✔ tibble    3.1.8
✔ lubridate 1.9.2     ✔ tidyr     1.3.0
── Conflicts ────────────────────────────────────────── tidyverse_conflicts() ──
✖ dplyr::filter() masks stats::filter()
✖ dplyr::lag()    masks stats::lag()
ℹ Use the conflicted package (<http://conflicted.r-lib.org/>) to force all conflicts to become errors
Loading required package: maditr

To get total summary skip 'by' argument: take_all(mtcars, mean)


Attaching package: ‘maditr’

The following objects are masked from ‘package:dplyr’:

    between, coalesce, first, last

The following object is masked from ‘package:purrr’:

    transpose

The following object is masked from ‘package:readr’:

    cols


Attaching package: ‘expss’

The following objects are masked from ‘package:gtsummary’:

    contains, vars

The following objects are masked from ‘package:stringr’:

    fixed, regex

The following objects are masked from ‘package:dplyr’:

    compute, contains, na_if, recode, vars, where

The following objects are masked from ‘package:purrr’:

    keep, modify, modify_if, when

The following objects are masked from ‘package:tidyr’:

    contains, nest

The following object is masked from ‘package:ggplot2’:

    vars


Attaching package: ‘gt’

The following objects are masked from ‘package:expss’:

    contains, gt, tab_caption, vars

Loading required package: ggpubr

Attaching package: ‘ggpubr’

The following object is masked from ‘package:expss’:

    compare_means


Attaching package: ‘survminer’

The following object is masked from ‘package:survival’:

    myeloma


Attaching package: ‘scales’

The following object is masked from ‘package:plotrix’:

    rescale

The following object is masked from ‘package:purrr’:

    discard

The following object is masked from ‘package:readr’:

    col_factor

gdata: read.xls support for 'XLS' (Excel 97-2004) files ENABLED.

gdata: read.xls support for 'XLSX' (Excel 2007+) files ENABLED.

Attaching package: ‘gdata’

The following object is masked from ‘package:expss’:

    keep

The following objects are masked from ‘package:maditr’:

    first, last

The following objects are masked from ‘package:dplyr’:

    combine, first, last

The following object is masked from ‘package:purrr’:

    keep

The following object is masked from ‘package:stats’:

    nobs

The following object is masked from ‘package:utils’:

    object.size

The following object is masked from ‘package:base’:

    startsWith

Registered S3 method overwritten by 'gplots':
  method         from 
  reorder.factor gdata

Attaching package: ‘gplots’

The following object is masked from ‘package:gdata’:

    reorder.factor

The following object is masked from ‘package:plotrix’:

    plotCI

The following object is masked from ‘package:stats’:

    lowess

file:////tmp/RtmpGZwIKn/file36af2b34aa5cd1.html screenshot completed
Saving 4 x 7 in image
Group done
mkdir: cannot create directory ‘ProxyNew’: File exists
── Attaching core tidyverse packages ──────────────────────── tidyverse 2.0.0 ──
✔ dplyr     1.1.0     ✔ purrr     1.0.1
✔ forcats   1.0.0     ✔ stringr   1.5.0
✔ ggplot2   3.4.1     ✔ tibble    3.1.8
✔ lubridate 1.9.2     ✔ tidyr     1.3.0
── Conflicts ────────────────────────────────────────── tidyverse_conflicts() ──
✖ dplyr::filter() masks stats::filter()
✖ dplyr::lag()    masks stats::lag()
ℹ Use the conflicted package (<http://conflicted.r-lib.org/>) to force all conflicts to become errors
Loading required package: maditr

To aggregate several columns with one summary: take(mtcars, mpg, hp, fun = mean, by = am)


Attaching package: ‘maditr’

The following objects are masked from ‘package:dplyr’:

    between, coalesce, first, last

The following object is masked from ‘package:purrr’:

    transpose

The following object is masked from ‘package:readr’:

    cols


Attaching package: ‘expss’

The following objects are masked from ‘package:gtsummary’:

    contains, vars

The following objects are masked from ‘package:stringr’:

    fixed, regex

The following objects are masked from ‘package:dplyr’:

    compute, contains, na_if, recode, vars, where

The following objects are masked from ‘package:purrr’:

    keep, modify, modify_if, when

The following objects are masked from ‘package:tidyr’:

    contains, nest

The following object is masked from ‘package:ggplot2’:

    vars


Attaching package: ‘gt’

The following objects are masked from ‘package:expss’:

    contains, gt, tab_caption, vars

Loading required package: ggpubr

Attaching package: ‘ggpubr’

The following object is masked from ‘package:expss’:

    compare_means


Attaching package: ‘survminer’

The following object is masked from ‘package:survival’:

    myeloma


Attaching package: ‘scales’

The following object is masked from ‘package:plotrix’:

    rescale

The following object is masked from ‘package:purrr’:

    discard

The following object is masked from ‘package:readr’:

    col_factor

gdata: read.xls support for 'XLS' (Excel 97-2004) files ENABLED.

gdata: read.xls support for 'XLSX' (Excel 2007+) files ENABLED.

Attaching package: ‘gdata’

The following object is masked from ‘package:expss’:

    keep

The following objects are masked from ‘package:maditr’:

    first, last

The following objects are masked from ‘package:dplyr’:

    combine, first, last

The following object is masked from ‘package:purrr’:

    keep

The following object is masked from ‘package:stats’:

    nobs

The following object is masked from ‘package:utils’:

    object.size

The following object is masked from ‘package:base’:

    startsWith

Registered S3 method overwritten by 'gplots':
  method         from 
  reorder.factor gdata

Attaching package: ‘gplots’

The following object is masked from ‘package:gdata’:

    reorder.factor

The following object is masked from ‘package:plotrix’:

    plotCI

The following object is masked from ‘package:stats’:

    lowess

file:////tmp/RtmpLpQkmT/file31e0836a08c28c.html screenshot completed
Saving 4 x 7 in image
Warning message:
system call failed: Cannot allocate memory 
Group done
mkdir: cannot create directory ‘ProxyBA12’: File exists
── Attaching core tidyverse packages ──────────────────────── tidyverse 2.0.0 ──
✔ dplyr     1.1.0     ✔ purrr     1.0.1
✔ forcats   1.0.0     ✔ stringr   1.5.0
✔ ggplot2   3.4.1     ✔ tibble    3.1.8
✔ lubridate 1.9.2     ✔ tidyr     1.3.0
── Conflicts ────────────────────────────────────────── tidyverse_conflicts() ──
✖ dplyr::filter() masks stats::filter()
✖ dplyr::lag()    masks stats::lag()
ℹ Use the conflicted package (<http://conflicted.r-lib.org/>) to force all conflicts to become errors
Loading required package: maditr

To select columns from data: columns(mtcars, mpg, vs:carb)


Attaching package: ‘maditr’

The following objects are masked from ‘package:dplyr’:

    between, coalesce, first, last

The following object is masked from ‘package:purrr’:

    transpose

The following object is masked from ‘package:readr’:

    cols


Attaching package: ‘expss’

The following objects are masked from ‘package:gtsummary’:

    contains, vars

The following objects are masked from ‘package:stringr’:

    fixed, regex

The following objects are masked from ‘package:dplyr’:

    compute, contains, na_if, recode, vars, where

The following objects are masked from ‘package:purrr’:

    keep, modify, modify_if, when

The following objects are masked from ‘package:tidyr’:

    contains, nest

The following object is masked from ‘package:ggplot2’:

    vars


Attaching package: ‘gt’

The following objects are masked from ‘package:expss’:

    contains, gt, tab_caption, vars

Loading required package: ggpubr

Attaching package: ‘ggpubr’

The following object is masked from ‘package:expss’:

    compare_means


Attaching package: ‘survminer’

The following object is masked from ‘package:survival’:

    myeloma


Attaching package: ‘scales’

The following object is masked from ‘package:plotrix’:

    rescale

The following object is masked from ‘package:purrr’:

    discard

The following object is masked from ‘package:readr’:

    col_factor

gdata: read.xls support for 'XLS' (Excel 97-2004) files ENABLED.

gdata: read.xls support for 'XLSX' (Excel 2007+) files ENABLED.

Attaching package: ‘gdata’

The following object is masked from ‘package:expss’:

    keep

The following objects are masked from ‘package:maditr’:

    first, last

The following objects are masked from ‘package:dplyr’:

    combine, first, last

The following object is masked from ‘package:purrr’:

    keep

The following object is masked from ‘package:stats’:

    nobs

The following object is masked from ‘package:utils’:

    object.size

The following object is masked from ‘package:base’:

    startsWith

Registered S3 method overwritten by 'gplots':
  method         from 
  reorder.factor gdata

Attaching package: ‘gplots’

The following object is masked from ‘package:gdata’:

    reorder.factor

The following object is masked from ‘package:plotrix’:

    plotCI

The following object is masked from ‘package:stats’:

    lowess

file:////tmp/Rtmpcl1pgk/file3265f8192f4c1a.html screenshot completed
Saving 4 x 7 in image
Group done
mkdir: cannot create directory ‘LCinfO’: File exists
── Attaching core tidyverse packages ──────────────────────── tidyverse 2.0.0 ──
✔ dplyr     1.1.0     ✔ purrr     1.0.1
✔ forcats   1.0.0     ✔ stringr   1.5.0
✔ ggplot2   3.4.1     ✔ tibble    3.1.8
✔ lubridate 1.9.2     ✔ tidyr     1.3.0
── Conflicts ────────────────────────────────────────── tidyverse_conflicts() ──
✖ dplyr::filter() masks stats::filter()
✖ dplyr::lag()    masks stats::lag()
ℹ Use the conflicted package (<http://conflicted.r-lib.org/>) to force all conflicts to become errors
Loading required package: maditr

To drop variable use NULL: let(mtcars, am = NULL) %>% head()


Attaching package: ‘maditr’

The following objects are masked from ‘package:dplyr’:

    between, coalesce, first, last

The following object is masked from ‘package:purrr’:

    transpose

The following object is masked from ‘package:readr’:

    cols


Attaching package: ‘expss’

The following objects are masked from ‘package:gtsummary’:

    contains, vars

The following objects are masked from ‘package:stringr’:

    fixed, regex

The following objects are masked from ‘package:dplyr’:

    compute, contains, na_if, recode, vars, where

The following objects are masked from ‘package:purrr’:

    keep, modify, modify_if, when

The following objects are masked from ‘package:tidyr’:

    contains, nest

The following object is masked from ‘package:ggplot2’:

    vars


Attaching package: ‘gt’

The following objects are masked from ‘package:expss’:

    contains, gt, tab_caption, vars

Loading required package: ggpubr

Attaching package: ‘ggpubr’

The following object is masked from ‘package:expss’:

    compare_means


Attaching package: ‘survminer’

The following object is masked from ‘package:survival’:

    myeloma


Attaching package: ‘scales’

The following object is masked from ‘package:plotrix’:

    rescale

The following object is masked from ‘package:purrr’:

    discard

The following object is masked from ‘package:readr’:

    col_factor

gdata: read.xls support for 'XLS' (Excel 97-2004) files ENABLED.

gdata: read.xls support for 'XLSX' (Excel 2007+) files ENABLED.

Attaching package: ‘gdata’

The following object is masked from ‘package:expss’:

    keep

The following objects are masked from ‘package:maditr’:

    first, last

The following objects are masked from ‘package:dplyr’:

    combine, first, last

The following object is masked from ‘package:purrr’:

    keep

The following object is masked from ‘package:stats’:

    nobs

The following object is masked from ‘package:utils’:

    object.size

The following object is masked from ‘package:base’:

    startsWith

Registered S3 method overwritten by 'gplots':
  method         from 
  reorder.factor gdata

Attaching package: ‘gplots’

The following object is masked from ‘package:gdata’:

    reorder.factor

The following object is masked from ‘package:plotrix’:

    plotCI

The following object is masked from ‘package:stats’:

    lowess

Error in coxph(f, data = data) : No (non-missing) observations
Execution halted
Group done
mkdir: cannot create directory ‘infvacc’: File exists
Group done
cp: cannot stat 'v3/LCinfO/df_fin.txt': No such file or directory
cp: cannot stat 'v3/LCinfO/est_table.txt': No such file or directory
cp: cannot stat 'v3/LCinfO/heatmap.png': No such file or directory
cp: cannot stat 'v3/LCinfO/heatmapnk.png': No such file or directory
cp: cannot stat 'v3/LCallO/heatmapshort.png': No such file or directory
cp: cannot stat 'v3/LCinfO/heatmapshort.png': No such file or directory
cp: cannot stat 'v3/LCallO/heatmapshortnk.png': No such file or directory
cp: cannot stat 'v3/LCinfO/heatmapshortnk.png': No such file or directory
cp: cannot stat 'v3/LCallO/heatmaplong.png': No such file or directory
cp: cannot stat 'v3/LCinfO/heatmaplong.png': No such file or directory
cp: cannot stat 'v3/LCallO/heatmaplongnk.png': No such file or directory
cp: cannot stat 'v3/LCinfO/heatmaplongnk.png': No such file or directory
cp: cannot stat 'v3/LCinfO/r_fin_mat.txt': No such file or directory
cp: cannot stat 'v3/LCinfO/z_score_fin_mat.txt': No such file or directory
cp: cannot stat 'v3/LCallO/short_fin_mat.txt': No such file or directory
cp: cannot stat 'v3/LCinfO/short_fin_mat.txt': No such file or directory
cp: cannot stat 'v3/LCallO/short_z_score_fin_mat.txt': No such file or directory
cp: cannot stat 'v3/LCinfO/short_z_score_fin_mat.txt': No such file or directory
cp: cannot stat 'v3/LCallO/long_fin_mat.txt': No such file or directory
cp: cannot stat 'v3/LCinfO/long_fin_mat.txt': No such file or directory
cp: cannot stat 'v3/LCallO/long_z_score_fin_mat.txt': No such file or directory
cp: cannot stat 'v3/LCinfO/long_z_score_fin_mat.txt': No such file or directory
cp: cannot stat 'v3/LCinfO/logreg_model_summary.txt': No such file or directory
This is pdfTeX, Version 3.14159265-2.6-1.40.19 (TeX Live 2018) (preloaded format=pdflatex)
 restricted \write18 enabled.
entering extended mode
(./report.tex
LaTeX2e <2017-04-15>
Babel <3.17> and hyphenation patterns for 3 language(s) loaded.
(/usr/share/texlive/texmf-dist/tex/latex/base/report.cls
Document Class: report 2014/09/29 v1.4h Standard LaTeX document class
(/usr/share/texlive/texmf-dist/tex/latex/base/size10.clo))
(/usr/share/texlive/texmf-dist/tex/latex/placeins/placeins.sty)
(/usr/share/texlive/texmf-dist/tex/latex/float/float.sty)
(/usr/share/texlive/texmf-dist/tex/latex/graphics/graphicx.sty
(/usr/share/texlive/texmf-dist/tex/latex/graphics/keyval.sty)
(/usr/share/texlive/texmf-dist/tex/latex/graphics/graphics.sty
(/usr/share/texlive/texmf-dist/tex/latex/graphics/trig.sty)
(/usr/share/texlive/texmf-dist/tex/latex/graphics-cfg/graphics.cfg)
(/usr/share/texlive/texmf-dist/tex/latex/graphics-def/pdftex.def)))
(/usr/share/texlive/texmf-dist/tex/latex/geometry/geometry.sty
(/usr/share/texlive/texmf-dist/tex/generic/oberdiek/ifpdf.sty)
(/usr/share/texlive/texmf-dist/tex/generic/oberdiek/ifvtex.sty)
(/usr/share/texlive/texmf-dist/tex/generic/ifxetex/ifxetex.sty)) (./report.aux)
(/usr/share/texlive/texmf-dist/tex/context/base/mkii/supp-pdf.mkii
[Loading MPS to PDF converter (version 2006.09.02).]
) (/usr/share/texlive/texmf-dist/tex/latex/oberdiek/epstopdf-base.sty
(/usr/share/texlive/texmf-dist/tex/generic/oberdiek/infwarerr.sty)
(/usr/share/texlive/texmf-dist/tex/latex/oberdiek/grfext.sty
(/usr/share/texlive/texmf-dist/tex/generic/oberdiek/kvdefinekeys.sty
(/usr/share/texlive/texmf-dist/tex/generic/oberdiek/ltxcmds.sty)))
(/usr/share/texlive/texmf-dist/tex/latex/oberdiek/kvoptions.sty
(/usr/share/texlive/texmf-dist/tex/generic/oberdiek/kvsetkeys.sty
(/usr/share/texlive/texmf-dist/tex/generic/oberdiek/etexcmds.sty
(/usr/share/texlive/texmf-dist/tex/generic/oberdiek/ifluatex.sty))))
(/usr/share/texlive/texmf-dist/tex/generic/oberdiek/pdftexcmds.sty)
(/usr/share/texlive/texmf-dist/tex/latex/latexconfig/epstopdf-sys.cfg))
*geometry* driver: auto-detecting
*geometry* detected driver: pdftex
[1{/usr/share/texlive/texmf-dist/fonts/map/pdftex/updmap/pdftex.map}]
(../ProxyBA12/cox_model_summary.tex) (../ProxyBA12/est_table.tex) [1 <../ProxyB
A12/sum_tab.png> <../ProxyBA12/forest_plot.png>] (../ProxyBA12/r_fin_mat.tex)
(../ProxyBA12/z_score_mat.tex) (../ProxyBA12/short_fin_mat.tex)
(../ProxyBA12/short_z_score_mat.tex) (../ProxyBA12/long_fin_mat.tex)
(../ProxyBA12/long_z_score_mat.tex) [2] [3] (../ProxyNew/cox_model_summary.tex

LaTeX Warning: Float too large for page by 15.2601pt on input line 87.

) (../ProxyNew/est_table.tex) [4 <../ProxyNew/sum_tab.png> <../ProxyNew/forest_
plot.png>] (../ProxyNew/r_fin_mat.tex) (../ProxyNew/z_score_mat.tex)
(../ProxyNew/short_fin_mat.tex) (../ProxyNew/short_z_score_mat.tex)
(../ProxyNew/long_fin_mat.tex) (../ProxyNew/long_z_score_mat.tex) [5] [6]
[7]

LaTeX Warning: File `../LCinfO/sum_tab.png' not found on input line 91.


! Package pdftex.def Error: File `../LCinfO/sum_tab.png' not found: using draft
 setting.

See the pdftex.def package documentation for explanation.
Type  H <return>  for immediate help.
 ...                                              
                                                  
l.91 \lrresult{LCinfO}{Long Covid BA12 - Infected}
                                                  
? 
! Emergency stop.
 ...                                              
                                                  
l.91 \lrresult{LCinfO}{Long Covid BA12 - Infected}
                                                  
!  ==> Fatal error occurred, no output PDF file produced!
Transcript written on report.log.
mkdir: cannot create directory ‘Deaths’: File exists
── Attaching core tidyverse packages ──────────────────────── tidyverse 2.0.0 ──
✔ dplyr     1.1.0     ✔ purrr     1.0.1
✔ forcats   1.0.0     ✔ stringr   1.5.0
✔ ggplot2   3.4.1     ✔ tibble    3.1.8
✔ lubridate 1.9.2     ✔ tidyr     1.3.0
── Conflicts ────────────────────────────────────────── tidyverse_conflicts() ──
✖ dplyr::filter() masks stats::filter()
✖ dplyr::lag()    masks stats::lag()
ℹ Use the conflicted package (<http://conflicted.r-lib.org/>) to force all conflicts to become errors
Loading required package: maditr

To select columns from data: columns(mtcars, mpg, vs:carb)


Attaching package: ‘maditr’

The following objects are masked from ‘package:dplyr’:

    between, coalesce, first, last

The following object is masked from ‘package:purrr’:

    transpose

The following object is masked from ‘package:readr’:

    cols


Attaching package: ‘expss’

The following objects are masked from ‘package:gtsummary’:

    contains, vars

The following objects are masked from ‘package:stringr’:

    fixed, regex

The following objects are masked from ‘package:dplyr’:

    compute, contains, na_if, recode, vars, where

The following objects are masked from ‘package:purrr’:

    keep, modify, modify_if, when

The following objects are masked from ‘package:tidyr’:

    contains, nest

The following object is masked from ‘package:ggplot2’:

    vars


Attaching package: ‘gt’

The following objects are masked from ‘package:expss’:

    contains, gt, tab_caption, vars

Loading required package: ggpubr

Attaching package: ‘ggpubr’

The following object is masked from ‘package:expss’:

    compare_means


Attaching package: ‘survminer’

The following object is masked from ‘package:survival’:

    myeloma


Attaching package: ‘scales’

The following object is masked from ‘package:plotrix’:

    rescale

The following object is masked from ‘package:purrr’:

    discard

The following object is masked from ‘package:readr’:

    col_factor

gdata: read.xls support for 'XLS' (Excel 97-2004) files ENABLED.

gdata: read.xls support for 'XLSX' (Excel 2007+) files ENABLED.

Attaching package: ‘gdata’

The following object is masked from ‘package:expss’:

    keep

The following objects are masked from ‘package:maditr’:

    first, last

The following objects are masked from ‘package:dplyr’:

    combine, first, last

The following object is masked from ‘package:purrr’:

    keep

The following object is masked from ‘package:stats’:

    nobs

The following object is masked from ‘package:utils’:

    object.size

The following object is masked from ‘package:base’:

    startsWith

Registered S3 method overwritten by 'gplots':
  method         from 
  reorder.factor gdata

Attaching package: ‘gplots’

The following object is masked from ‘package:gdata’:

    reorder.factor

The following object is masked from ‘package:plotrix’:

    plotCI

The following object is masked from ‘package:stats’:

    lowess

Loading required package: R.oo
Loading required package: R.methodsS3
R.methodsS3 v1.8.2 (2022-06-13 22:00:14 UTC) successfully loaded. See ?R.methodsS3 for help.
R.oo v1.26.0 (2024-01-24 05:12:50 UTC) successfully loaded. See ?R.oo for help.

Attaching package: ‘R.oo’

The following object is masked from ‘package:R.methodsS3’:

    throw

The following objects are masked from ‘package:gdata’:

    ll, trim

The following object is masked from ‘package:expss’:

    equals

The following objects are masked from ‘package:methods’:

    getClasses, getMethods

The following objects are masked from ‘package:base’:

    attach, detach, load, save

R.utils v2.12.3 (2023-11-18 01:00:02 UTC) successfully loaded. See ?R.utils for help.

Attaching package: ‘R.utils’

The following objects are masked from ‘package:gdata’:

    env, resample

The following object is masked from ‘package:expss’:

    less

The following object is masked from ‘package:tidyr’:

    extract

The following object is masked from ‘package:utils’:

    timestamp

The following objects are masked from ‘package:base’:

    cat, commandArgs, getOption, isOpen, nullfile, parse, warnings

file:////tmp/RtmppecPMo/file37c68b36216fa.html screenshot completed
Saving 4 x 7 in image
Group done
mkdir: cannot create directory ‘Deaths’: File exists
── Attaching core tidyverse packages ──────────────────────── tidyverse 2.0.0 ──
✔ dplyr     1.1.0     ✔ purrr     1.0.1
✔ forcats   1.0.0     ✔ stringr   1.5.0
✔ ggplot2   3.4.1     ✔ tibble    3.1.8
✔ lubridate 1.9.2     ✔ tidyr     1.3.0
── Conflicts ────────────────────────────────────────── tidyverse_conflicts() ──
✖ dplyr::filter() masks stats::filter()
✖ dplyr::lag()    masks stats::lag()
ℹ Use the conflicted package (<http://conflicted.r-lib.org/>) to force all conflicts to become errors
Loading required package: maditr

To aggregate data: take(mtcars, mean_mpg = mean(mpg), by = am)


Attaching package: ‘maditr’

The following objects are masked from ‘package:dplyr’:

    between, coalesce, first, last

The following object is masked from ‘package:purrr’:

    transpose

The following object is masked from ‘package:readr’:

    cols


Attaching package: ‘expss’

The following objects are masked from ‘package:gtsummary’:

    contains, vars

The following objects are masked from ‘package:stringr’:

    fixed, regex

The following objects are masked from ‘package:dplyr’:

    compute, contains, na_if, recode, vars, where

The following objects are masked from ‘package:purrr’:

    keep, modify, modify_if, when

The following objects are masked from ‘package:tidyr’:

    contains, nest

The following object is masked from ‘package:ggplot2’:

    vars


Attaching package: ‘gt’

The following objects are masked from ‘package:expss’:

    contains, gt, tab_caption, vars

Loading required package: ggpubr

Attaching package: ‘ggpubr’

The following object is masked from ‘package:expss’:

    compare_means


Attaching package: ‘survminer’

The following object is masked from ‘package:survival’:

    myeloma


Attaching package: ‘scales’

The following object is masked from ‘package:plotrix’:

    rescale

The following object is masked from ‘package:purrr’:

    discard

The following object is masked from ‘package:readr’:

    col_factor

gdata: read.xls support for 'XLS' (Excel 97-2004) files ENABLED.

gdata: read.xls support for 'XLSX' (Excel 2007+) files ENABLED.

Attaching package: ‘gdata’

The following object is masked from ‘package:expss’:

    keep

The following objects are masked from ‘package:maditr’:

    first, last

The following objects are masked from ‘package:dplyr’:

    combine, first, last

The following object is masked from ‘package:purrr’:

    keep

The following object is masked from ‘package:stats’:

    nobs

The following object is masked from ‘package:utils’:

    object.size

The following object is masked from ‘package:base’:

    startsWith

Registered S3 method overwritten by 'gplots':
  method         from 
  reorder.factor gdata

Attaching package: ‘gplots’

The following object is masked from ‘package:gdata’:

    reorder.factor

The following object is masked from ‘package:plotrix’:

    plotCI

The following object is masked from ‘package:stats’:

    lowess

Loading required package: R.oo
Loading required package: R.methodsS3
R.methodsS3 v1.8.2 (2022-06-13 22:00:14 UTC) successfully loaded. See ?R.methodsS3 for help.
R.oo v1.26.0 (2024-01-24 05:12:50 UTC) successfully loaded. See ?R.oo for help.

Attaching package: ‘R.oo’

The following object is masked from ‘package:R.methodsS3’:

    throw

The following objects are masked from ‘package:gdata’:

    ll, trim

The following object is masked from ‘package:expss’:

    equals

The following objects are masked from ‘package:methods’:

    getClasses, getMethods

The following objects are masked from ‘package:base’:

    attach, detach, load, save

R.utils v2.12.3 (2023-11-18 01:00:02 UTC) successfully loaded. See ?R.utils for help.

Attaching package: ‘R.utils’

The following objects are masked from ‘package:gdata’:

    env, resample

The following object is masked from ‘package:expss’:

    less

The following object is masked from ‘package:tidyr’:

    extract

The following object is masked from ‘package:utils’:

    timestamp

The following objects are masked from ‘package:base’:

    cat, commandArgs, getOption, isOpen, nullfile, parse, warnings

file:////tmp/RtmpMUXRdI/file382b74377dc691.html screenshot completed
Saving 4 x 7 in image
Group done
mkdir: cannot create directory ‘Deaths’: File exists
── Attaching core tidyverse packages ──────────────────────── tidyverse 2.0.0 ──
✔ dplyr     1.1.0     ✔ purrr     1.0.1
✔ forcats   1.0.0     ✔ stringr   1.5.0
✔ ggplot2   3.4.1     ✔ tibble    3.1.8
✔ lubridate 1.9.2     ✔ tidyr     1.3.0
── Conflicts ────────────────────────────────────────── tidyverse_conflicts() ──
✖ dplyr::filter() masks stats::filter()
✖ dplyr::lag()    masks stats::lag()
ℹ Use the conflicted package (<http://conflicted.r-lib.org/>) to force all conflicts to become errors
Loading required package: maditr

Use magrittr pipe '%>%' to chain several operations:
             mtcars %>%
                 let(mpg_hp = mpg/hp) %>%
                 take(mean(mpg_hp), by = am)
        


Attaching package: ‘maditr’

The following objects are masked from ‘package:dplyr’:

    between, coalesce, first, last

The following object is masked from ‘package:purrr’:

    transpose

The following object is masked from ‘package:readr’:

    cols


Attaching package: ‘expss’

The following objects are masked from ‘package:gtsummary’:

    contains, vars

The following objects are masked from ‘package:stringr’:

    fixed, regex

The following objects are masked from ‘package:dplyr’:

    compute, contains, na_if, recode, vars, where

The following objects are masked from ‘package:purrr’:

    keep, modify, modify_if, when

The following objects are masked from ‘package:tidyr’:

    contains, nest

The following object is masked from ‘package:ggplot2’:

    vars


Attaching package: ‘gt’

The following objects are masked from ‘package:expss’:

    contains, gt, tab_caption, vars

Loading required package: ggpubr

Attaching package: ‘ggpubr’

The following object is masked from ‘package:expss’:

    compare_means


Attaching package: ‘survminer’

The following object is masked from ‘package:survival’:

    myeloma


Attaching package: ‘scales’

The following object is masked from ‘package:plotrix’:

    rescale

The following object is masked from ‘package:purrr’:

    discard

The following object is masked from ‘package:readr’:

    col_factor

gdata: read.xls support for 'XLS' (Excel 97-2004) files ENABLED.

gdata: read.xls support for 'XLSX' (Excel 2007+) files ENABLED.

Attaching package: ‘gdata’

The following object is masked from ‘package:expss’:

    keep

The following objects are masked from ‘package:maditr’:

    first, last

The following objects are masked from ‘package:dplyr’:

    combine, first, last

The following object is masked from ‘package:purrr’:

    keep

The following object is masked from ‘package:stats’:

    nobs

The following object is masked from ‘package:utils’:

    object.size

The following object is masked from ‘package:base’:

    startsWith

Registered S3 method overwritten by 'gplots':
  method         from 
  reorder.factor gdata

Attaching package: ‘gplots’

The following object is masked from ‘package:gdata’:

    reorder.factor

The following object is masked from ‘package:plotrix’:

    plotCI

The following object is masked from ‘package:stats’:

    lowess

Loading required package: R.oo
Loading required package: R.methodsS3
R.methodsS3 v1.8.2 (2022-06-13 22:00:14 UTC) successfully loaded. See ?R.methodsS3 for help.
R.oo v1.26.0 (2024-01-24 05:12:50 UTC) successfully loaded. See ?R.oo for help.

Attaching package: ‘R.oo’

The following object is masked from ‘package:R.methodsS3’:

    throw

The following objects are masked from ‘package:gdata’:

    ll, trim

The following object is masked from ‘package:expss’:

    equals

The following objects are masked from ‘package:methods’:

    getClasses, getMethods

The following objects are masked from ‘package:base’:

    attach, detach, load, save

R.utils v2.12.3 (2023-11-18 01:00:02 UTC) successfully loaded. See ?R.utils for help.

Attaching package: ‘R.utils’

The following objects are masked from ‘package:gdata’:

    env, resample

The following object is masked from ‘package:expss’:

    less

The following object is masked from ‘package:tidyr’:

    extract

The following object is masked from ‘package:utils’:

    timestamp

The following objects are masked from ‘package:base’:

    cat, commandArgs, getOption, isOpen, nullfile, parse, warnings

file:////tmp/RtmpQ5woba/file3834b9468fe69b.html screenshot completed
Saving 4 x 7 in image
Group done
mkdir: cannot create directory ‘Deaths’: File exists
── Attaching core tidyverse packages ──────────────────────── tidyverse 2.0.0 ──
✔ dplyr     1.1.0     ✔ purrr     1.0.1
✔ forcats   1.0.0     ✔ stringr   1.5.0
✔ ggplot2   3.4.1     ✔ tibble    3.1.8
✔ lubridate 1.9.2     ✔ tidyr     1.3.0
── Conflicts ────────────────────────────────────────── tidyverse_conflicts() ──
✖ dplyr::filter() masks stats::filter()
✖ dplyr::lag()    masks stats::lag()
ℹ Use the conflicted package (<http://conflicted.r-lib.org/>) to force all conflicts to become errors
Loading required package: maditr

To aggregate all non-grouping columns: take_all(mtcars, mean, by = am)


Attaching package: ‘maditr’

The following objects are masked from ‘package:dplyr’:

    between, coalesce, first, last

The following object is masked from ‘package:purrr’:

    transpose

The following object is masked from ‘package:readr’:

    cols


Attaching package: ‘expss’

The following objects are masked from ‘package:gtsummary’:

    contains, vars

The following objects are masked from ‘package:stringr’:

    fixed, regex

The following objects are masked from ‘package:dplyr’:

    compute, contains, na_if, recode, vars, where

The following objects are masked from ‘package:purrr’:

    keep, modify, modify_if, when

The following objects are masked from ‘package:tidyr’:

    contains, nest

The following object is masked from ‘package:ggplot2’:

    vars


Attaching package: ‘gt’

The following objects are masked from ‘package:expss’:

    contains, gt, tab_caption, vars

Loading required package: ggpubr

Attaching package: ‘ggpubr’

The following object is masked from ‘package:expss’:

    compare_means


Attaching package: ‘survminer’

The following object is masked from ‘package:survival’:

    myeloma


Attaching package: ‘scales’

The following object is masked from ‘package:plotrix’:

    rescale

The following object is masked from ‘package:purrr’:

    discard

The following object is masked from ‘package:readr’:

    col_factor

gdata: read.xls support for 'XLS' (Excel 97-2004) files ENABLED.

gdata: read.xls support for 'XLSX' (Excel 2007+) files ENABLED.

Attaching package: ‘gdata’

The following object is masked from ‘package:expss’:

    keep

The following objects are masked from ‘package:maditr’:

    first, last

The following objects are masked from ‘package:dplyr’:

    combine, first, last

The following object is masked from ‘package:purrr’:

    keep

The following object is masked from ‘package:stats’:

    nobs

The following object is masked from ‘package:utils’:

    object.size

The following object is masked from ‘package:base’:

    startsWith

Registered S3 method overwritten by 'gplots':
  method         from 
  reorder.factor gdata

Attaching package: ‘gplots’

The following object is masked from ‘package:gdata’:

    reorder.factor

The following object is masked from ‘package:plotrix’:

    plotCI

The following object is masked from ‘package:stats’:

    lowess

Loading required package: R.oo
Loading required package: R.methodsS3
R.methodsS3 v1.8.2 (2022-06-13 22:00:14 UTC) successfully loaded. See ?R.methodsS3 for help.
R.oo v1.26.0 (2024-01-24 05:12:50 UTC) successfully loaded. See ?R.oo for help.

Attaching package: ‘R.oo’

The following object is masked from ‘package:R.methodsS3’:

    throw

The following objects are masked from ‘package:gdata’:

    ll, trim

The following object is masked from ‘package:expss’:

    equals

The following objects are masked from ‘package:methods’:

    getClasses, getMethods

The following objects are masked from ‘package:base’:

    attach, detach, load, save

R.utils v2.12.3 (2023-11-18 01:00:02 UTC) successfully loaded. See ?R.utils for help.

Attaching package: ‘R.utils’

The following objects are masked from ‘package:gdata’:

    env, resample

The following object is masked from ‘package:expss’:

    less

The following object is masked from ‘package:tidyr’:

    extract

The following object is masked from ‘package:utils’:

    timestamp

The following objects are masked from ‘package:base’:

    cat, commandArgs, getOption, isOpen, nullfile, parse, warnings

Warning message:
In agreg.fit(X, Y, istrat, offset, init, control, weights = weights,  :
  Loglik converged before variable  23 ; beta may be infinite. 
file:////tmp/Rtmp2F4ChD/file383b343e43341f.html screenshot completed
Saving 4 x 7 in image
Warning messages:
1: Transformation introduced infinite values in continuous x-axis 
2: Transformation introduced infinite values in continuous x-axis 
3: Transformation introduced infinite values in continuous x-axis 
Group done
mkdir: cannot create directory ‘Deaths’: File exists
mkdir: cannot create directory ‘Deaths’: File exists
── Attaching core tidyverse packages ──────────────────────── tidyverse 2.0.0 ──
✔ dplyr     1.1.0     ✔ purrr     1.0.1
✔ forcats   1.0.0     ✔ stringr   1.5.0
✔ ggplot2   3.4.1     ✔ tibble    3.1.8
✔ lubridate 1.9.2     ✔ tidyr     1.3.0
── Conflicts ────────────────────────────────────────── tidyverse_conflicts() ──
✖ dplyr::filter() masks stats::filter()
✖ dplyr::lag()    masks stats::lag()
ℹ Use the conflicted package (<http://conflicted.r-lib.org/>) to force all conflicts to become errors
Loading required package: maditr

To select rows from data: rows(mtcars, am==0)


Attaching package: ‘maditr’

The following objects are masked from ‘package:dplyr’:

    between, coalesce, first, last

The following object is masked from ‘package:purrr’:

    transpose

The following object is masked from ‘package:readr’:

    cols


Attaching package: ‘expss’

The following objects are masked from ‘package:gtsummary’:

    contains, vars

The following objects are masked from ‘package:stringr’:

    fixed, regex

The following objects are masked from ‘package:dplyr’:

    compute, contains, na_if, recode, vars, where

The following objects are masked from ‘package:purrr’:

    keep, modify, modify_if, when

The following objects are masked from ‘package:tidyr’:

    contains, nest

The following object is masked from ‘package:ggplot2’:

    vars


Attaching package: ‘gt’

The following objects are masked from ‘package:expss’:

    contains, gt, tab_caption, vars

Loading required package: ggpubr

Attaching package: ‘ggpubr’

The following object is masked from ‘package:expss’:

    compare_means


Attaching package: ‘survminer’

The following object is masked from ‘package:survival’:

    myeloma


Attaching package: ‘scales’

The following object is masked from ‘package:plotrix’:

    rescale

The following object is masked from ‘package:purrr’:

    discard

The following object is masked from ‘package:readr’:

    col_factor

gdata: read.xls support for 'XLS' (Excel 97-2004) files ENABLED.

gdata: read.xls support for 'XLSX' (Excel 2007+) files ENABLED.

Attaching package: ‘gdata’

The following object is masked from ‘package:expss’:

    keep

The following objects are masked from ‘package:maditr’:

    first, last

The following objects are masked from ‘package:dplyr’:

    combine, first, last

The following object is masked from ‘package:purrr’:

    keep

The following object is masked from ‘package:stats’:

    nobs

The following object is masked from ‘package:utils’:

    object.size

The following object is masked from ‘package:base’:

    startsWith

Registered S3 method overwritten by 'gplots':
  method         from 
  reorder.factor gdata

Attaching package: ‘gplots’

The following object is masked from ‘package:gdata’:

    reorder.factor

The following object is masked from ‘package:plotrix’:

    plotCI

The following object is masked from ‘package:stats’:

    lowess

Loading required package: R.oo
Loading required package: R.methodsS3
R.methodsS3 v1.8.2 (2022-06-13 22:00:14 UTC) successfully loaded. See ?R.methodsS3 for help.
R.oo v1.26.0 (2024-01-24 05:12:50 UTC) successfully loaded. See ?R.oo for help.

Attaching package: ‘R.oo’

The following object is masked from ‘package:R.methodsS3’:

    throw

The following objects are masked from ‘package:gdata’:

    ll, trim

The following object is masked from ‘package:expss’:

    equals

The following objects are masked from ‘package:methods’:

    getClasses, getMethods

The following objects are masked from ‘package:base’:

    attach, detach, load, save

R.utils v2.12.3 (2023-11-18 01:00:02 UTC) successfully loaded. See ?R.utils for help.

Attaching package: ‘R.utils’

The following objects are masked from ‘package:gdata’:

    env, resample

The following object is masked from ‘package:expss’:

    less

The following object is masked from ‘package:tidyr’:

    extract

The following object is masked from ‘package:utils’:

    timestamp

The following objects are masked from ‘package:base’:

    cat, commandArgs, getOption, isOpen, nullfile, parse, warnings

Saving 4 x 7 in image
Group done
mkdir: cannot create directory ‘Deaths’: File exists
── Attaching core tidyverse packages ──────────────────────── tidyverse 2.0.0 ──
✔ dplyr     1.1.0     ✔ purrr     1.0.1
✔ forcats   1.0.0     ✔ stringr   1.5.0
✔ ggplot2   3.4.1     ✔ tibble    3.1.8
✔ lubridate 1.9.2     ✔ tidyr     1.3.0
── Conflicts ────────────────────────────────────────── tidyverse_conflicts() ──
✖ dplyr::filter() masks stats::filter()
✖ dplyr::lag()    masks stats::lag()
ℹ Use the conflicted package (<http://conflicted.r-lib.org/>) to force all conflicts to become errors
Loading required package: maditr

To get total summary skip 'by' argument: take_all(mtcars, mean)


Attaching package: ‘maditr’

The following objects are masked from ‘package:dplyr’:

    between, coalesce, first, last

The following object is masked from ‘package:purrr’:

    transpose

The following object is masked from ‘package:readr’:

    cols


Use 'expss_output_viewer()' to display tables in the RStudio Viewer.
 To return to the console output, use 'expss_output_default()'.


Attaching package: ‘expss’

The following objects are masked from ‘package:gtsummary’:

    contains, vars

The following objects are masked from ‘package:stringr’:

    fixed, regex

The following objects are masked from ‘package:dplyr’:

    compute, contains, na_if, recode, vars, where

The following objects are masked from ‘package:purrr’:

    keep, modify, modify_if, when

The following objects are masked from ‘package:tidyr’:

    contains, nest

The following object is masked from ‘package:ggplot2’:

    vars


Attaching package: ‘gt’

The following objects are masked from ‘package:expss’:

    contains, gt, tab_caption, vars

Loading required package: ggpubr

Attaching package: ‘ggpubr’

The following object is masked from ‘package:expss’:

    compare_means


Attaching package: ‘survminer’

The following object is masked from ‘package:survival’:

    myeloma


Attaching package: ‘scales’

The following object is masked from ‘package:plotrix’:

    rescale

The following object is masked from ‘package:purrr’:

    discard

The following object is masked from ‘package:readr’:

    col_factor

gdata: read.xls support for 'XLS' (Excel 97-2004) files ENABLED.

gdata: read.xls support for 'XLSX' (Excel 2007+) files ENABLED.

Attaching package: ‘gdata’

The following object is masked from ‘package:expss’:

    keep

The following objects are masked from ‘package:maditr’:

    first, last

The following objects are masked from ‘package:dplyr’:

    combine, first, last

The following object is masked from ‘package:purrr’:

    keep

The following object is masked from ‘package:stats’:

    nobs

The following object is masked from ‘package:utils’:

    object.size

The following object is masked from ‘package:base’:

    startsWith

Registered S3 method overwritten by 'gplots':
  method         from 
  reorder.factor gdata

Attaching package: ‘gplots’

The following object is masked from ‘package:gdata’:

    reorder.factor

The following object is masked from ‘package:plotrix’:

    plotCI

The following object is masked from ‘package:stats’:

    lowess

Loading required package: R.oo
Loading required package: R.methodsS3
R.methodsS3 v1.8.2 (2022-06-13 22:00:14 UTC) successfully loaded. See ?R.methodsS3 for help.
R.oo v1.26.0 (2024-01-24 05:12:50 UTC) successfully loaded. See ?R.oo for help.

Attaching package: ‘R.oo’

The following object is masked from ‘package:R.methodsS3’:

    throw

The following objects are masked from ‘package:gdata’:

    ll, trim

The following object is masked from ‘package:expss’:

    equals

The following objects are masked from ‘package:methods’:

    getClasses, getMethods

The following objects are masked from ‘package:base’:

    attach, detach, load, save

R.utils v2.12.3 (2023-11-18 01:00:02 UTC) successfully loaded. See ?R.utils for help.

Attaching package: ‘R.utils’

The following objects are masked from ‘package:gdata’:

    env, resample

The following object is masked from ‘package:expss’:

    less

The following object is masked from ‘package:tidyr’:

    extract

The following object is masked from ‘package:utils’:

    timestamp

The following objects are masked from ‘package:base’:

    cat, commandArgs, getOption, isOpen, nullfile, parse, warnings

Saving 4 x 7 in image
Group done
mkdir: cannot create directory ‘Deaths’: File exists
── Attaching core tidyverse packages ──────────────────────── tidyverse 2.0.0 ──
✔ dplyr     1.1.0     ✔ purrr     1.0.1
✔ forcats   1.0.0     ✔ stringr   1.5.0
✔ ggplot2   3.4.1     ✔ tibble    3.1.8
✔ lubridate 1.9.2     ✔ tidyr     1.3.0
── Conflicts ────────────────────────────────────────── tidyverse_conflicts() ──
✖ dplyr::filter() masks stats::filter()
✖ dplyr::lag()    masks stats::lag()
ℹ Use the conflicted package (<http://conflicted.r-lib.org/>) to force all conflicts to become errors
#BlackLivesMatter
Loading required package: maditr

To drop variable use NULL: let(mtcars, am = NULL) %>% head()


Attaching package: ‘maditr’

The following objects are masked from ‘package:dplyr’:

    between, coalesce, first, last

The following object is masked from ‘package:purrr’:

    transpose

The following object is masked from ‘package:readr’:

    cols


Use 'expss_output_rnotebook()' to display tables inside R Notebooks.
 To return to the console output, use 'expss_output_default()'.


Attaching package: ‘expss’

The following objects are masked from ‘package:gtsummary’:

    contains, vars

The following objects are masked from ‘package:stringr’:

    fixed, regex

The following objects are masked from ‘package:dplyr’:

    compute, contains, na_if, recode, vars, where

The following objects are masked from ‘package:purrr’:

    keep, modify, modify_if, when

The following objects are masked from ‘package:tidyr’:

    contains, nest

The following object is masked from ‘package:ggplot2’:

    vars


Attaching package: ‘gt’

The following objects are masked from ‘package:expss’:

    contains, gt, tab_caption, vars

Loading required package: ggpubr

Attaching package: ‘ggpubr’

The following object is masked from ‘package:expss’:

    compare_means


Attaching package: ‘survminer’

The following object is masked from ‘package:survival’:

    myeloma


Attaching package: ‘scales’

The following object is masked from ‘package:plotrix’:

    rescale

The following object is masked from ‘package:purrr’:

    discard

The following object is masked from ‘package:readr’:

    col_factor

gdata: read.xls support for 'XLS' (Excel 97-2004) files ENABLED.

gdata: read.xls support for 'XLSX' (Excel 2007+) files ENABLED.

Attaching package: ‘gdata’

The following object is masked from ‘package:expss’:

    keep

The following objects are masked from ‘package:maditr’:

    first, last

The following objects are masked from ‘package:dplyr’:

    combine, first, last

The following object is masked from ‘package:purrr’:

    keep

The following object is masked from ‘package:stats’:

    nobs

The following object is masked from ‘package:utils’:

    object.size

The following object is masked from ‘package:base’:

    startsWith

Registered S3 method overwritten by 'gplots':
  method         from 
  reorder.factor gdata

Attaching package: ‘gplots’

The following object is masked from ‘package:gdata’:

    reorder.factor

The following object is masked from ‘package:plotrix’:

    plotCI

The following object is masked from ‘package:stats’:

    lowess

Loading required package: R.oo
Loading required package: R.methodsS3
R.methodsS3 v1.8.2 (2022-06-13 22:00:14 UTC) successfully loaded. See ?R.methodsS3 for help.
R.oo v1.26.0 (2024-01-24 05:12:50 UTC) successfully loaded. See ?R.oo for help.

Attaching package: ‘R.oo’

The following object is masked from ‘package:R.methodsS3’:

    throw

The following objects are masked from ‘package:gdata’:

    ll, trim

The following object is masked from ‘package:expss’:

    equals

The following objects are masked from ‘package:methods’:

    getClasses, getMethods

The following objects are masked from ‘package:base’:

    attach, detach, load, save

R.utils v2.12.3 (2023-11-18 01:00:02 UTC) successfully loaded. See ?R.utils for help.

Attaching package: ‘R.utils’

The following objects are masked from ‘package:gdata’:

    env, resample

The following object is masked from ‘package:expss’:

    less

The following object is masked from ‘package:tidyr’:

    extract

The following object is masked from ‘package:utils’:

    timestamp

The following objects are masked from ‘package:base’:

    cat, commandArgs, getOption, isOpen, nullfile, parse, warnings

Saving 4 x 7 in image
Group done
mkdir: cannot create directory ‘Deaths’: File exists
── Attaching core tidyverse packages ──────────────────────── tidyverse 2.0.0 ──
✔ dplyr     1.1.0     ✔ purrr     1.0.1
✔ forcats   1.0.0     ✔ stringr   1.5.0
✔ ggplot2   3.4.1     ✔ tibble    3.1.8
✔ lubridate 1.9.2     ✔ tidyr     1.3.0
── Conflicts ────────────────────────────────────────── tidyverse_conflicts() ──
✖ dplyr::filter() masks stats::filter()
✖ dplyr::lag()    masks stats::lag()
ℹ Use the conflicted package (<http://conflicted.r-lib.org/>) to force all conflicts to become errors
Loading required package: maditr

To get total summary skip 'by' argument: take_all(mtcars, mean)


Attaching package: ‘maditr’

The following objects are masked from ‘package:dplyr’:

    between, coalesce, first, last

The following object is masked from ‘package:purrr’:

    transpose

The following object is masked from ‘package:readr’:

    cols


Use 'expss_output_viewer()' to display tables in the RStudio Viewer.
 To return to the console output, use 'expss_output_default()'.


Attaching package: ‘expss’

The following objects are masked from ‘package:gtsummary’:

    contains, vars

The following objects are masked from ‘package:stringr’:

    fixed, regex

The following objects are masked from ‘package:dplyr’:

    compute, contains, na_if, recode, vars, where

The following objects are masked from ‘package:purrr’:

    keep, modify, modify_if, when

The following objects are masked from ‘package:tidyr’:

    contains, nest

The following object is masked from ‘package:ggplot2’:

    vars


Attaching package: ‘gt’

The following objects are masked from ‘package:expss’:

    contains, gt, tab_caption, vars

Loading required package: ggpubr

Attaching package: ‘ggpubr’

The following object is masked from ‘package:expss’:

    compare_means


Attaching package: ‘survminer’

The following object is masked from ‘package:survival’:

    myeloma


Attaching package: ‘scales’

The following object is masked from ‘package:plotrix’:

    rescale

The following object is masked from ‘package:purrr’:

    discard

The following object is masked from ‘package:readr’:

    col_factor

gdata: read.xls support for 'XLS' (Excel 97-2004) files ENABLED.

gdata: read.xls support for 'XLSX' (Excel 2007+) files ENABLED.

Attaching package: ‘gdata’

The following object is masked from ‘package:expss’:

    keep

The following objects are masked from ‘package:maditr’:

    first, last

The following objects are masked from ‘package:dplyr’:

    combine, first, last

The following object is masked from ‘package:purrr’:

    keep

The following object is masked from ‘package:stats’:

    nobs

The following object is masked from ‘package:utils’:

    object.size

The following object is masked from ‘package:base’:

    startsWith

Registered S3 method overwritten by 'gplots':
  method         from 
  reorder.factor gdata

Attaching package: ‘gplots’

The following object is masked from ‘package:gdata’:

    reorder.factor

The following object is masked from ‘package:plotrix’:

    plotCI

The following object is masked from ‘package:stats’:

    lowess

Loading required package: R.oo
Loading required package: R.methodsS3
R.methodsS3 v1.8.2 (2022-06-13 22:00:14 UTC) successfully loaded. See ?R.methodsS3 for help.
R.oo v1.26.0 (2024-01-24 05:12:50 UTC) successfully loaded. See ?R.oo for help.

Attaching package: ‘R.oo’

The following object is masked from ‘package:R.methodsS3’:

    throw

The following objects are masked from ‘package:gdata’:

    ll, trim

The following object is masked from ‘package:expss’:

    equals

The following objects are masked from ‘package:methods’:

    getClasses, getMethods

The following objects are masked from ‘package:base’:

    attach, detach, load, save

R.utils v2.12.3 (2023-11-18 01:00:02 UTC) successfully loaded. See ?R.utils for help.

Attaching package: ‘R.utils’

The following objects are masked from ‘package:gdata’:

    env, resample

The following object is masked from ‘package:expss’:

    less

The following object is masked from ‘package:tidyr’:

    extract

The following object is masked from ‘package:utils’:

    timestamp

The following objects are masked from ‘package:base’:

    cat, commandArgs, getOption, isOpen, nullfile, parse, warnings

Saving 4 x 7 in image
Group done
rm: cannot remove '*': No such file or directory
── Attaching core tidyverse packages ──────────────────────── tidyverse 2.0.0 ──
✔ dplyr     1.1.0     ✔ purrr     1.0.1
✔ forcats   1.0.0     ✔ stringr   1.5.0
✔ ggplot2   3.4.1     ✔ tibble    3.1.8
✔ lubridate 1.9.2     ✔ tidyr     1.3.0
── Conflicts ────────────────────────────────────────── tidyverse_conflicts() ──
✖ dplyr::filter() masks stats::filter()
✖ dplyr::lag()    masks stats::lag()
ℹ Use the conflicted package (<http://conflicted.r-lib.org/>) to force all conflicts to become errors
Loading required package: maditr

To get total summary skip 'by' argument: take_all(mtcars, mean)


Attaching package: ‘maditr’

The following objects are masked from ‘package:dplyr’:

    between, coalesce, first, last

The following object is masked from ‘package:purrr’:

    transpose

The following object is masked from ‘package:readr’:

    cols


Attaching package: ‘expss’

The following objects are masked from ‘package:gtsummary’:

    contains, vars

The following objects are masked from ‘package:stringr’:

    fixed, regex

The following objects are masked from ‘package:dplyr’:

    compute, contains, na_if, recode, vars, where

The following objects are masked from ‘package:purrr’:

    keep, modify, modify_if, when

The following objects are masked from ‘package:tidyr’:

    contains, nest

The following object is masked from ‘package:ggplot2’:

    vars


Attaching package: ‘gt’

The following objects are masked from ‘package:expss’:

    contains, gt, tab_caption, vars

Loading required package: ggpubr

Attaching package: ‘ggpubr’

The following object is masked from ‘package:expss’:

    compare_means


Attaching package: ‘survminer’

The following object is masked from ‘package:survival’:

    myeloma


Attaching package: ‘scales’

The following object is masked from ‘package:plotrix’:

    rescale

The following object is masked from ‘package:purrr’:

    discard

The following object is masked from ‘package:readr’:

    col_factor

gdata: read.xls support for 'XLS' (Excel 97-2004) files ENABLED.

gdata: read.xls support for 'XLSX' (Excel 2007+) files ENABLED.

Attaching package: ‘gdata’

The following object is masked from ‘package:expss’:

    keep

The following objects are masked from ‘package:maditr’:

    first, last

The following objects are masked from ‘package:dplyr’:

    combine, first, last

The following object is masked from ‘package:purrr’:

    keep

The following object is masked from ‘package:stats’:

    nobs

The following object is masked from ‘package:utils’:

    object.size

The following object is masked from ‘package:base’:

    startsWith

Registered S3 method overwritten by 'gplots':
  method         from 
  reorder.factor gdata

Attaching package: ‘gplots’

The following object is masked from ‘package:gdata’:

    reorder.factor

The following object is masked from ‘package:plotrix’:

    plotCI

The following object is masked from ‘package:stats’:

    lowess

Loading required package: R.oo
Loading required package: R.methodsS3
R.methodsS3 v1.8.2 (2022-06-13 22:00:14 UTC) successfully loaded. See ?R.methodsS3 for help.
R.oo v1.26.0 (2024-01-24 05:12:50 UTC) successfully loaded. See ?R.oo for help.

Attaching package: ‘R.oo’

The following object is masked from ‘package:R.methodsS3’:

    throw

The following objects are masked from ‘package:gdata’:

    ll, trim

The following object is masked from ‘package:expss’:

    equals

The following objects are masked from ‘package:methods’:

    getClasses, getMethods

The following objects are masked from ‘package:base’:

    attach, detach, load, save

R.utils v2.12.3 (2023-11-18 01:00:02 UTC) successfully loaded. See ?R.utils for help.

Attaching package: ‘R.utils’

The following objects are masked from ‘package:gdata’:

    env, resample

The following object is masked from ‘package:expss’:

    less

The following object is masked from ‘package:tidyr’:

    extract

The following object is masked from ‘package:utils’:

    timestamp

The following objects are masked from ‘package:base’:

    cat, commandArgs, getOption, isOpen, nullfile, parse, warnings

./coxd: line 16: 3699215 Terminated              Rscript ../../workscript/Deaths.R rinput.csv $5 > Deaths.log
mkdir: cannot create directory ‘Deaths1’: File exists
── Attaching core tidyverse packages ──────────────────────── tidyverse 2.0.0 ──
✔ dplyr     1.1.0     ✔ purrr     1.0.1
✔ forcats   1.0.0     ✔ stringr   1.5.0
✔ ggplot2   3.4.1     ✔ tibble    3.1.8
✔ lubridate 1.9.2     ✔ tidyr     1.3.0
── Conflicts ────────────────────────────────────────── tidyverse_conflicts() ──
✖ dplyr::filter() masks stats::filter()
✖ dplyr::lag()    masks stats::lag()
ℹ Use the conflicted package (<http://conflicted.r-lib.org/>) to force all conflicts to become errors
Loading required package: maditr

To get total summary skip 'by' argument: take_all(mtcars, mean)


Attaching package: ‘maditr’

The following objects are masked from ‘package:dplyr’:

    between, coalesce, first, last

The following object is masked from ‘package:purrr’:

    transpose

The following object is masked from ‘package:readr’:

    cols


Use 'expss_output_viewer()' to display tables in the RStudio Viewer.
 To return to the console output, use 'expss_output_default()'.


Attaching package: ‘expss’

The following objects are masked from ‘package:gtsummary’:

    contains, vars

The following objects are masked from ‘package:stringr’:

    fixed, regex

The following objects are masked from ‘package:dplyr’:

    compute, contains, na_if, recode, vars, where

The following objects are masked from ‘package:purrr’:

    keep, modify, modify_if, when

The following objects are masked from ‘package:tidyr’:

    contains, nest

The following object is masked from ‘package:ggplot2’:

    vars


Attaching package: ‘gt’

The following objects are masked from ‘package:expss’:

    contains, gt, tab_caption, vars

Loading required package: ggpubr

Attaching package: ‘ggpubr’

The following object is masked from ‘package:expss’:

    compare_means


Attaching package: ‘survminer’

The following object is masked from ‘package:survival’:

    myeloma


Attaching package: ‘scales’

The following object is masked from ‘package:plotrix’:

    rescale

The following object is masked from ‘package:purrr’:

    discard

The following object is masked from ‘package:readr’:

    col_factor

gdata: read.xls support for 'XLS' (Excel 97-2004) files ENABLED.

gdata: read.xls support for 'XLSX' (Excel 2007+) files ENABLED.

Attaching package: ‘gdata’

The following object is masked from ‘package:expss’:

    keep

The following objects are masked from ‘package:maditr’:

    first, last

The following objects are masked from ‘package:dplyr’:

    combine, first, last

The following object is masked from ‘package:purrr’:

    keep

The following object is masked from ‘package:stats’:

    nobs

The following object is masked from ‘package:utils’:

    object.size

The following object is masked from ‘package:base’:

    startsWith

Registered S3 method overwritten by 'gplots':
  method         from 
  reorder.factor gdata

Attaching package: ‘gplots’

The following object is masked from ‘package:gdata’:

    reorder.factor

The following object is masked from ‘package:plotrix’:

    plotCI

The following object is masked from ‘package:stats’:

    lowess

Loading required package: R.oo
Loading required package: R.methodsS3
R.methodsS3 v1.8.2 (2022-06-13 22:00:14 UTC) successfully loaded. See ?R.methodsS3 for help.
R.oo v1.26.0 (2024-01-24 05:12:50 UTC) successfully loaded. See ?R.oo for help.

Attaching package: ‘R.oo’

The following object is masked from ‘package:R.methodsS3’:

    throw

The following objects are masked from ‘package:gdata’:

    ll, trim

The following object is masked from ‘package:expss’:

    equals

The following objects are masked from ‘package:methods’:

    getClasses, getMethods

The following objects are masked from ‘package:base’:

    attach, detach, load, save

R.utils v2.12.3 (2023-11-18 01:00:02 UTC) successfully loaded. See ?R.utils for help.

Attaching package: ‘R.utils’

The following objects are masked from ‘package:gdata’:

    env, resample

The following object is masked from ‘package:expss’:

    less

The following object is masked from ‘package:tidyr’:

    extract

The following object is masked from ‘package:utils’:

    timestamp

The following objects are masked from ‘package:base’:

    cat, commandArgs, getOption, isOpen, nullfile, parse, warnings

Saving 4 x 7 in image
Group done
rm: cannot remove '*': No such file or directory
── Attaching core tidyverse packages ──────────────────────── tidyverse 2.0.0 ──
✔ dplyr     1.1.0     ✔ purrr     1.0.1
✔ forcats   1.0.0     ✔ stringr   1.5.0
✔ ggplot2   3.4.1     ✔ tibble    3.1.8
✔ lubridate 1.9.2     ✔ tidyr     1.3.0
── Conflicts ────────────────────────────────────────── tidyverse_conflicts() ──
✖ dplyr::filter() masks stats::filter()
✖ dplyr::lag()    masks stats::lag()
ℹ Use the conflicted package (<http://conflicted.r-lib.org/>) to force all conflicts to become errors
Loading required package: maditr

To drop variable use NULL: let(mtcars, am = NULL) %>% head()


Attaching package: ‘maditr’

The following objects are masked from ‘package:dplyr’:

    between, coalesce, first, last

The following object is masked from ‘package:purrr’:

    transpose

The following object is masked from ‘package:readr’:

    cols


Use 'expss_output_viewer()' to display tables in the RStudio Viewer.
 To return to the console output, use 'expss_output_default()'.


Attaching package: ‘expss’

The following objects are masked from ‘package:gtsummary’:

    contains, vars

The following objects are masked from ‘package:stringr’:

    fixed, regex

The following objects are masked from ‘package:dplyr’:

    compute, contains, na_if, recode, vars, where

The following objects are masked from ‘package:purrr’:

    keep, modify, modify_if, when

The following objects are masked from ‘package:tidyr’:

    contains, nest

The following object is masked from ‘package:ggplot2’:

    vars


Attaching package: ‘gt’

The following objects are masked from ‘package:expss’:

    contains, gt, tab_caption, vars

Loading required package: ggpubr

Attaching package: ‘ggpubr’

The following object is masked from ‘package:expss’:

    compare_means


Attaching package: ‘survminer’

The following object is masked from ‘package:survival’:

    myeloma


Attaching package: ‘scales’

The following object is masked from ‘package:plotrix’:

    rescale

The following object is masked from ‘package:purrr’:

    discard

The following object is masked from ‘package:readr’:

    col_factor

gdata: read.xls support for 'XLS' (Excel 97-2004) files ENABLED.

gdata: read.xls support for 'XLSX' (Excel 2007+) files ENABLED.

Attaching package: ‘gdata’

The following object is masked from ‘package:expss’:

    keep

The following objects are masked from ‘package:maditr’:

    first, last

The following objects are masked from ‘package:dplyr’:

    combine, first, last

The following object is masked from ‘package:purrr’:

    keep

The following object is masked from ‘package:stats’:

    nobs

The following object is masked from ‘package:utils’:

    object.size

The following object is masked from ‘package:base’:

    startsWith

Registered S3 method overwritten by 'gplots':
  method         from 
  reorder.factor gdata

Attaching package: ‘gplots’

The following object is masked from ‘package:gdata’:

    reorder.factor

The following object is masked from ‘package:plotrix’:

    plotCI

The following object is masked from ‘package:stats’:

    lowess

Loading required package: R.oo
Loading required package: R.methodsS3
R.methodsS3 v1.8.2 (2022-06-13 22:00:14 UTC) successfully loaded. See ?R.methodsS3 for help.
R.oo v1.26.0 (2024-01-24 05:12:50 UTC) successfully loaded. See ?R.oo for help.

Attaching package: ‘R.oo’

The following object is masked from ‘package:R.methodsS3’:

    throw

The following objects are masked from ‘package:gdata’:

    ll, trim

The following object is masked from ‘package:expss’:

    equals

The following objects are masked from ‘package:methods’:

    getClasses, getMethods

The following objects are masked from ‘package:base’:

    attach, detach, load, save

R.utils v2.12.3 (2023-11-18 01:00:02 UTC) successfully loaded. See ?R.utils for help.

Attaching package: ‘R.utils’

The following objects are masked from ‘package:gdata’:

    env, resample

The following object is masked from ‘package:expss’:

    less

The following object is masked from ‘package:tidyr’:

    extract

The following object is masked from ‘package:utils’:

    timestamp

The following objects are masked from ‘package:base’:

    cat, commandArgs, getOption, isOpen, nullfile, parse, warnings

Saving 4 x 7 in image
Group done
rm: cannot remove '*': No such file or directory
── Attaching core tidyverse packages ──────────────────────── tidyverse 2.0.0 ──
✔ dplyr     1.1.0     ✔ purrr     1.0.1
✔ forcats   1.0.0     ✔ stringr   1.5.0
✔ ggplot2   3.4.1     ✔ tibble    3.1.8
✔ lubridate 1.9.2     ✔ tidyr     1.3.0
── Conflicts ────────────────────────────────────────── tidyverse_conflicts() ──
✖ dplyr::filter() masks stats::filter()
✖ dplyr::lag()    masks stats::lag()
ℹ Use the conflicted package (<http://conflicted.r-lib.org/>) to force all conflicts to become errors
Loading required package: maditr

To aggregate all non-grouping columns: take_all(mtcars, mean, by = am)


Attaching package: ‘maditr’

The following objects are masked from ‘package:dplyr’:

    between, coalesce, first, last

The following object is masked from ‘package:purrr’:

    transpose

The following object is masked from ‘package:readr’:

    cols


Attaching package: ‘expss’

The following objects are masked from ‘package:gtsummary’:

    contains, vars

The following objects are masked from ‘package:stringr’:

    fixed, regex

The following objects are masked from ‘package:dplyr’:

    compute, contains, na_if, recode, vars, where

The following objects are masked from ‘package:purrr’:

    keep, modify, modify_if, when

The following objects are masked from ‘package:tidyr’:

    contains, nest

The following object is masked from ‘package:ggplot2’:

    vars


Attaching package: ‘gt’

The following objects are masked from ‘package:expss’:

    contains, gt, tab_caption, vars

Loading required package: ggpubr

Attaching package: ‘ggpubr’

The following object is masked from ‘package:expss’:

    compare_means


Attaching package: ‘survminer’

The following object is masked from ‘package:survival’:

    myeloma


Attaching package: ‘scales’

The following object is masked from ‘package:plotrix’:

    rescale

The following object is masked from ‘package:purrr’:

    discard

The following object is masked from ‘package:readr’:

    col_factor

gdata: read.xls support for 'XLS' (Excel 97-2004) files ENABLED.

gdata: read.xls support for 'XLSX' (Excel 2007+) files ENABLED.

Attaching package: ‘gdata’

The following object is masked from ‘package:expss’:

    keep

The following objects are masked from ‘package:maditr’:

    first, last

The following objects are masked from ‘package:dplyr’:

    combine, first, last

The following object is masked from ‘package:purrr’:

    keep

The following object is masked from ‘package:stats’:

    nobs

The following object is masked from ‘package:utils’:

    object.size

The following object is masked from ‘package:base’:

    startsWith

Registered S3 method overwritten by 'gplots':
  method         from 
  reorder.factor gdata

Attaching package: ‘gplots’

The following object is masked from ‘package:gdata’:

    reorder.factor

The following object is masked from ‘package:plotrix’:

    plotCI

The following object is masked from ‘package:stats’:

    lowess

Loading required package: R.oo
Loading required package: R.methodsS3
R.methodsS3 v1.8.2 (2022-06-13 22:00:14 UTC) successfully loaded. See ?R.methodsS3 for help.
R.oo v1.26.0 (2024-01-24 05:12:50 UTC) successfully loaded. See ?R.oo for help.

Attaching package: ‘R.oo’

The following object is masked from ‘package:R.methodsS3’:

    throw

The following objects are masked from ‘package:gdata’:

    ll, trim

The following object is masked from ‘package:expss’:

    equals

The following objects are masked from ‘package:methods’:

    getClasses, getMethods

The following objects are masked from ‘package:base’:

    attach, detach, load, save

R.utils v2.12.3 (2023-11-18 01:00:02 UTC) successfully loaded. See ?R.utils for help.

Attaching package: ‘R.utils’

The following objects are masked from ‘package:gdata’:

    env, resample

The following object is masked from ‘package:expss’:

    less

The following object is masked from ‘package:tidyr’:

    extract

The following object is masked from ‘package:utils’:

    timestamp

The following objects are masked from ‘package:base’:

    cat, commandArgs, getOption, isOpen, nullfile, parse, warnings

Saving 4 x 7 in image
Group done
rm: cannot remove '*': No such file or directory
── Attaching core tidyverse packages ──────────────────────── tidyverse 2.0.0 ──
✔ dplyr     1.1.0     ✔ purrr     1.0.1
✔ forcats   1.0.0     ✔ stringr   1.5.0
✔ ggplot2   3.4.1     ✔ tibble    3.1.8
✔ lubridate 1.9.2     ✔ tidyr     1.3.0
── Conflicts ────────────────────────────────────────── tidyverse_conflicts() ──
✖ dplyr::filter() masks stats::filter()
✖ dplyr::lag()    masks stats::lag()
ℹ Use the conflicted package (<http://conflicted.r-lib.org/>) to force all conflicts to become errors
Loading required package: maditr

To select rows from data: rows(mtcars, am==0)


Attaching package: ‘maditr’

The following objects are masked from ‘package:dplyr’:

    between, coalesce, first, last

The following object is masked from ‘package:purrr’:

    transpose

The following object is masked from ‘package:readr’:

    cols


Attaching package: ‘expss’

The following objects are masked from ‘package:gtsummary’:

    contains, vars

The following objects are masked from ‘package:stringr’:

    fixed, regex

The following objects are masked from ‘package:dplyr’:

    compute, contains, na_if, recode, vars, where

The following objects are masked from ‘package:purrr’:

    keep, modify, modify_if, when

The following objects are masked from ‘package:tidyr’:

    contains, nest

The following object is masked from ‘package:ggplot2’:

    vars


Attaching package: ‘gt’

The following objects are masked from ‘package:expss’:

    contains, gt, tab_caption, vars

Loading required package: ggpubr

Attaching package: ‘ggpubr’

The following object is masked from ‘package:expss’:

    compare_means


Attaching package: ‘survminer’

The following object is masked from ‘package:survival’:

    myeloma


Attaching package: ‘scales’

The following object is masked from ‘package:plotrix’:

    rescale

The following object is masked from ‘package:purrr’:

    discard

The following object is masked from ‘package:readr’:

    col_factor

gdata: read.xls support for 'XLS' (Excel 97-2004) files ENABLED.

gdata: read.xls support for 'XLSX' (Excel 2007+) files ENABLED.

Attaching package: ‘gdata’

The following object is masked from ‘package:expss’:

    keep

The following objects are masked from ‘package:maditr’:

    first, last

The following objects are masked from ‘package:dplyr’:

    combine, first, last

The following object is masked from ‘package:purrr’:

    keep

The following object is masked from ‘package:stats’:

    nobs

The following object is masked from ‘package:utils’:

    object.size

The following object is masked from ‘package:base’:

    startsWith

Registered S3 method overwritten by 'gplots':
  method         from 
  reorder.factor gdata

Attaching package: ‘gplots’

The following object is masked from ‘package:gdata’:

    reorder.factor

The following object is masked from ‘package:plotrix’:

    plotCI

The following object is masked from ‘package:stats’:

    lowess

Loading required package: R.oo
Loading required package: R.methodsS3
R.methodsS3 v1.8.2 (2022-06-13 22:00:14 UTC) successfully loaded. See ?R.methodsS3 for help.
R.oo v1.26.0 (2024-01-24 05:12:50 UTC) successfully loaded. See ?R.oo for help.

Attaching package: ‘R.oo’

The following object is masked from ‘package:R.methodsS3’:

    throw

The following objects are masked from ‘package:gdata’:

    ll, trim

The following object is masked from ‘package:expss’:

    equals

The following objects are masked from ‘package:methods’:

    getClasses, getMethods

The following objects are masked from ‘package:base’:

    attach, detach, load, save

R.utils v2.12.3 (2023-11-18 01:00:02 UTC) successfully loaded. See ?R.utils for help.

Attaching package: ‘R.utils’

The following objects are masked from ‘package:gdata’:

    env, resample

The following object is masked from ‘package:expss’:

    less

The following object is masked from ‘package:tidyr’:

    extract

The following object is masked from ‘package:utils’:

    timestamp

The following objects are masked from ‘package:base’:

    cat, commandArgs, getOption, isOpen, nullfile, parse, warnings

Saving 4 x 7 in image
Group done
rm: cannot remove '*': No such file or directory
── Attaching core tidyverse packages ──────────────────────── tidyverse 2.0.0 ──
✔ dplyr     1.1.0     ✔ purrr     1.0.1
✔ forcats   1.0.0     ✔ stringr   1.5.0
✔ ggplot2   3.4.1     ✔ tibble    3.1.8
✔ lubridate 1.9.2     ✔ tidyr     1.3.0
── Conflicts ────────────────────────────────────────── tidyverse_conflicts() ──
✖ dplyr::filter() masks stats::filter()
✖ dplyr::lag()    masks stats::lag()
ℹ Use the conflicted package (<http://conflicted.r-lib.org/>) to force all conflicts to become errors
Loading required package: maditr

To get total summary skip 'by' argument: take_all(mtcars, mean)


Attaching package: ‘maditr’

The following objects are masked from ‘package:dplyr’:

    between, coalesce, first, last

The following object is masked from ‘package:purrr’:

    transpose

The following object is masked from ‘package:readr’:

    cols


Use 'expss_output_viewer()' to display tables in the RStudio Viewer.
 To return to the console output, use 'expss_output_default()'.


Attaching package: ‘expss’

The following objects are masked from ‘package:gtsummary’:

    contains, vars

The following objects are masked from ‘package:stringr’:

    fixed, regex

The following objects are masked from ‘package:dplyr’:

    compute, contains, na_if, recode, vars, where

The following objects are masked from ‘package:purrr’:

    keep, modify, modify_if, when

The following objects are masked from ‘package:tidyr’:

    contains, nest

The following object is masked from ‘package:ggplot2’:

    vars


Attaching package: ‘gt’

The following objects are masked from ‘package:expss’:

    contains, gt, tab_caption, vars

Loading required package: ggpubr

Attaching package: ‘ggpubr’

The following object is masked from ‘package:expss’:

    compare_means


Attaching package: ‘survminer’

The following object is masked from ‘package:survival’:

    myeloma


Attaching package: ‘scales’

The following object is masked from ‘package:plotrix’:

    rescale

The following object is masked from ‘package:purrr’:

    discard

The following object is masked from ‘package:readr’:

    col_factor

gdata: read.xls support for 'XLS' (Excel 97-2004) files ENABLED.

gdata: read.xls support for 'XLSX' (Excel 2007+) files ENABLED.

Attaching package: ‘gdata’

The following object is masked from ‘package:expss’:

    keep

The following objects are masked from ‘package:maditr’:

    first, last

The following objects are masked from ‘package:dplyr’:

    combine, first, last

The following object is masked from ‘package:purrr’:

    keep

The following object is masked from ‘package:stats’:

    nobs

The following object is masked from ‘package:utils’:

    object.size

The following object is masked from ‘package:base’:

    startsWith

Registered S3 method overwritten by 'gplots':
  method         from 
  reorder.factor gdata

Attaching package: ‘gplots’

The following object is masked from ‘package:gdata’:

    reorder.factor

The following object is masked from ‘package:plotrix’:

    plotCI

The following object is masked from ‘package:stats’:

    lowess

Loading required package: R.oo
Loading required package: R.methodsS3
R.methodsS3 v1.8.2 (2022-06-13 22:00:14 UTC) successfully loaded. See ?R.methodsS3 for help.
R.oo v1.26.0 (2024-01-24 05:12:50 UTC) successfully loaded. See ?R.oo for help.

Attaching package: ‘R.oo’

The following object is masked from ‘package:R.methodsS3’:

    throw

The following objects are masked from ‘package:gdata’:

    ll, trim

The following object is masked from ‘package:expss’:

    equals

The following objects are masked from ‘package:methods’:

    getClasses, getMethods

The following objects are masked from ‘package:base’:

    attach, detach, load, save

R.utils v2.12.3 (2023-11-18 01:00:02 UTC) successfully loaded. See ?R.utils for help.

Attaching package: ‘R.utils’

The following objects are masked from ‘package:gdata’:

    env, resample

The following object is masked from ‘package:expss’:

    less

The following object is masked from ‘package:tidyr’:

    extract

The following object is masked from ‘package:utils’:

    timestamp

The following objects are masked from ‘package:base’:

    cat, commandArgs, getOption, isOpen, nullfile, parse, warnings

Saving 4 x 7 in image
Group done
rm: cannot remove '*': No such file or directory
── Attaching core tidyverse packages ──────────────────────── tidyverse 2.0.0 ──
✔ dplyr     1.1.0     ✔ purrr     1.0.1
✔ forcats   1.0.0     ✔ stringr   1.5.0
✔ ggplot2   3.4.1     ✔ tibble    3.1.8
✔ lubridate 1.9.2     ✔ tidyr     1.3.0
── Conflicts ────────────────────────────────────────── tidyverse_conflicts() ──
✖ dplyr::filter() masks stats::filter()
✖ dplyr::lag()    masks stats::lag()
ℹ Use the conflicted package (<http://conflicted.r-lib.org/>) to force all conflicts to become errors
Loading required package: maditr

To get total summary skip 'by' argument: take_all(mtcars, mean)


Attaching package: ‘maditr’

The following objects are masked from ‘package:dplyr’:

    between, coalesce, first, last

The following object is masked from ‘package:purrr’:

    transpose

The following object is masked from ‘package:readr’:

    cols


Use 'expss_output_viewer()' to display tables in the RStudio Viewer.
 To return to the console output, use 'expss_output_default()'.


Attaching package: ‘expss’

The following objects are masked from ‘package:gtsummary’:

    contains, vars

The following objects are masked from ‘package:stringr’:

    fixed, regex

The following objects are masked from ‘package:dplyr’:

    compute, contains, na_if, recode, vars, where

The following objects are masked from ‘package:purrr’:

    keep, modify, modify_if, when

The following objects are masked from ‘package:tidyr’:

    contains, nest

The following object is masked from ‘package:ggplot2’:

    vars


Attaching package: ‘gt’

The following objects are masked from ‘package:expss’:

    contains, gt, tab_caption, vars

Loading required package: ggpubr

Attaching package: ‘ggpubr’

The following object is masked from ‘package:expss’:

    compare_means


Attaching package: ‘survminer’

The following object is masked from ‘package:survival’:

    myeloma


Attaching package: ‘scales’

The following object is masked from ‘package:plotrix’:

    rescale

The following object is masked from ‘package:purrr’:

    discard

The following object is masked from ‘package:readr’:

    col_factor

gdata: read.xls support for 'XLS' (Excel 97-2004) files ENABLED.

gdata: read.xls support for 'XLSX' (Excel 2007+) files ENABLED.

Attaching package: ‘gdata’

The following object is masked from ‘package:expss’:

    keep

The following objects are masked from ‘package:maditr’:

    first, last

The following objects are masked from ‘package:dplyr’:

    combine, first, last

The following object is masked from ‘package:purrr’:

    keep

The following object is masked from ‘package:stats’:

    nobs

The following object is masked from ‘package:utils’:

    object.size

The following object is masked from ‘package:base’:

    startsWith

Registered S3 method overwritten by 'gplots':
  method         from 
  reorder.factor gdata

Attaching package: ‘gplots’

The following object is masked from ‘package:gdata’:

    reorder.factor

The following object is masked from ‘package:plotrix’:

    plotCI

The following object is masked from ‘package:stats’:

    lowess

Loading required package: R.oo
Loading required package: R.methodsS3
R.methodsS3 v1.8.2 (2022-06-13 22:00:14 UTC) successfully loaded. See ?R.methodsS3 for help.
R.oo v1.26.0 (2024-01-24 05:12:50 UTC) successfully loaded. See ?R.oo for help.

Attaching package: ‘R.oo’

The following object is masked from ‘package:R.methodsS3’:

    throw

The following objects are masked from ‘package:gdata’:

    ll, trim

The following object is masked from ‘package:expss’:

    equals

The following objects are masked from ‘package:methods’:

    getClasses, getMethods

The following objects are masked from ‘package:base’:

    attach, detach, load, save

R.utils v2.12.3 (2023-11-18 01:00:02 UTC) successfully loaded. See ?R.utils for help.

Attaching package: ‘R.utils’

The following objects are masked from ‘package:gdata’:

    env, resample

The following object is masked from ‘package:expss’:

    less

The following object is masked from ‘package:tidyr’:

    extract

The following object is masked from ‘package:utils’:

    timestamp

The following objects are masked from ‘package:base’:

    cat, commandArgs, getOption, isOpen, nullfile, parse, warnings

Saving 4 x 7 in image
Group done
rm: cannot remove '*': No such file or directory
── Attaching core tidyverse packages ──────────────────────── tidyverse 2.0.0 ──
✔ dplyr     1.1.0     ✔ purrr     1.0.1
✔ forcats   1.0.0     ✔ stringr   1.5.0
✔ ggplot2   3.4.1     ✔ tibble    3.1.8
✔ lubridate 1.9.2     ✔ tidyr     1.3.0
── Conflicts ────────────────────────────────────────── tidyverse_conflicts() ──
✖ dplyr::filter() masks stats::filter()
✖ dplyr::lag()    masks stats::lag()
ℹ Use the conflicted package (<http://conflicted.r-lib.org/>) to force all conflicts to become errors
Loading required package: maditr

To aggregate all non-grouping columns: take_all(mtcars, mean, by = am)


Attaching package: ‘maditr’

The following objects are masked from ‘package:dplyr’:

    between, coalesce, first, last

The following object is masked from ‘package:purrr’:

    transpose

The following object is masked from ‘package:readr’:

    cols


Use 'expss_output_rnotebook()' to display tables inside R Notebooks.
 To return to the console output, use 'expss_output_default()'.


Attaching package: ‘expss’

The following objects are masked from ‘package:gtsummary’:

    contains, vars

The following objects are masked from ‘package:stringr’:

    fixed, regex

The following objects are masked from ‘package:dplyr’:

    compute, contains, na_if, recode, vars, where

The following objects are masked from ‘package:purrr’:

    keep, modify, modify_if, when

The following objects are masked from ‘package:tidyr’:

    contains, nest

The following object is masked from ‘package:ggplot2’:

    vars


Attaching package: ‘gt’

The following objects are masked from ‘package:expss’:

    contains, gt, tab_caption, vars

Loading required package: ggpubr

Attaching package: ‘ggpubr’

The following object is masked from ‘package:expss’:

    compare_means


Attaching package: ‘survminer’

The following object is masked from ‘package:survival’:

    myeloma


Attaching package: ‘scales’

The following object is masked from ‘package:plotrix’:

    rescale

The following object is masked from ‘package:purrr’:

    discard

The following object is masked from ‘package:readr’:

    col_factor

gdata: read.xls support for 'XLS' (Excel 97-2004) files ENABLED.

gdata: read.xls support for 'XLSX' (Excel 2007+) files ENABLED.

Attaching package: ‘gdata’

The following object is masked from ‘package:expss’:

    keep

The following objects are masked from ‘package:maditr’:

    first, last

The following objects are masked from ‘package:dplyr’:

    combine, first, last

The following object is masked from ‘package:purrr’:

    keep

The following object is masked from ‘package:stats’:

    nobs

The following object is masked from ‘package:utils’:

    object.size

The following object is masked from ‘package:base’:

    startsWith

Registered S3 method overwritten by 'gplots':
  method         from 
  reorder.factor gdata

Attaching package: ‘gplots’

The following object is masked from ‘package:gdata’:

    reorder.factor

The following object is masked from ‘package:plotrix’:

    plotCI

The following object is masked from ‘package:stats’:

    lowess

Loading required package: R.oo
Loading required package: R.methodsS3
R.methodsS3 v1.8.2 (2022-06-13 22:00:14 UTC) successfully loaded. See ?R.methodsS3 for help.
R.oo v1.26.0 (2024-01-24 05:12:50 UTC) successfully loaded. See ?R.oo for help.

Attaching package: ‘R.oo’

The following object is masked from ‘package:R.methodsS3’:

    throw

The following objects are masked from ‘package:gdata’:

    ll, trim

The following object is masked from ‘package:expss’:

    equals

The following objects are masked from ‘package:methods’:

    getClasses, getMethods

The following objects are masked from ‘package:base’:

    attach, detach, load, save

R.utils v2.12.3 (2023-11-18 01:00:02 UTC) successfully loaded. See ?R.utils for help.

Attaching package: ‘R.utils’

The following objects are masked from ‘package:gdata’:

    env, resample

The following object is masked from ‘package:expss’:

    less

The following object is masked from ‘package:tidyr’:

    extract

The following object is masked from ‘package:utils’:

    timestamp

The following objects are masked from ‘package:base’:

    cat, commandArgs, getOption, isOpen, nullfile, parse, warnings

Saving 4 x 7 in image
Group done
rm: cannot remove '*': No such file or directory
── Attaching core tidyverse packages ──────────────────────── tidyverse 2.0.0 ──
✔ dplyr     1.1.0     ✔ purrr     1.0.1
✔ forcats   1.0.0     ✔ stringr   1.5.0
✔ ggplot2   3.4.1     ✔ tibble    3.1.8
✔ lubridate 1.9.2     ✔ tidyr     1.3.0
── Conflicts ────────────────────────────────────────── tidyverse_conflicts() ──
✖ dplyr::filter() masks stats::filter()
✖ dplyr::lag()    masks stats::lag()
ℹ Use the conflicted package (<http://conflicted.r-lib.org/>) to force all conflicts to become errors
#StandWithUkraine
Loading required package: maditr

To select columns from data: columns(mtcars, mpg, vs:carb)


Attaching package: ‘maditr’

The following objects are masked from ‘package:dplyr’:

    between, coalesce, first, last

The following object is masked from ‘package:purrr’:

    transpose

The following object is masked from ‘package:readr’:

    cols


Use 'expss_output_rnotebook()' to display tables inside R Notebooks.
 To return to the console output, use 'expss_output_default()'.


Attaching package: ‘expss’

The following objects are masked from ‘package:gtsummary’:

    contains, vars

The following objects are masked from ‘package:stringr’:

    fixed, regex

The following objects are masked from ‘package:dplyr’:

    compute, contains, na_if, recode, vars, where

The following objects are masked from ‘package:purrr’:

    keep, modify, modify_if, when

The following objects are masked from ‘package:tidyr’:

    contains, nest

The following object is masked from ‘package:ggplot2’:

    vars


Attaching package: ‘gt’

The following objects are masked from ‘package:expss’:

    contains, gt, tab_caption, vars

Loading required package: ggpubr

Attaching package: ‘ggpubr’

The following object is masked from ‘package:expss’:

    compare_means


Attaching package: ‘survminer’

The following object is masked from ‘package:survival’:

    myeloma


Attaching package: ‘scales’

The following object is masked from ‘package:plotrix’:

    rescale

The following object is masked from ‘package:purrr’:

    discard

The following object is masked from ‘package:readr’:

    col_factor

gdata: read.xls support for 'XLS' (Excel 97-2004) files ENABLED.

gdata: read.xls support for 'XLSX' (Excel 2007+) files ENABLED.

Attaching package: ‘gdata’

The following object is masked from ‘package:expss’:

    keep

The following objects are masked from ‘package:maditr’:

    first, last

The following objects are masked from ‘package:dplyr’:

    combine, first, last

The following object is masked from ‘package:purrr’:

    keep

The following object is masked from ‘package:stats’:

    nobs

The following object is masked from ‘package:utils’:

    object.size

The following object is masked from ‘package:base’:

    startsWith

Registered S3 method overwritten by 'gplots':
  method         from 
  reorder.factor gdata

Attaching package: ‘gplots’

The following object is masked from ‘package:gdata’:

    reorder.factor

The following object is masked from ‘package:plotrix’:

    plotCI

The following object is masked from ‘package:stats’:

    lowess

Loading required package: R.oo
Loading required package: R.methodsS3
R.methodsS3 v1.8.2 (2022-06-13 22:00:14 UTC) successfully loaded. See ?R.methodsS3 for help.
R.oo v1.26.0 (2024-01-24 05:12:50 UTC) successfully loaded. See ?R.oo for help.

Attaching package: ‘R.oo’

The following object is masked from ‘package:R.methodsS3’:

    throw

The following objects are masked from ‘package:gdata’:

    ll, trim

The following object is masked from ‘package:expss’:

    equals

The following objects are masked from ‘package:methods’:

    getClasses, getMethods

The following objects are masked from ‘package:base’:

    attach, detach, load, save

R.utils v2.12.3 (2023-11-18 01:00:02 UTC) successfully loaded. See ?R.utils for help.

Attaching package: ‘R.utils’

The following objects are masked from ‘package:gdata’:

    env, resample

The following object is masked from ‘package:expss’:

    less

The following object is masked from ‘package:tidyr’:

    extract

The following object is masked from ‘package:utils’:

    timestamp

The following objects are masked from ‘package:base’:

    cat, commandArgs, getOption, isOpen, nullfile, parse, warnings

Saving 4 x 7 in image
Group done
rm: cannot remove '*': No such file or directory
../../convertool/bin/convertool ../../data/data_20240527.csv rinput.csv d!- 2021-01-01 2022-12-31 18 59 
version 2.0
Usage convertool input output whattodo(DVRW) firstdate(rrrr-mm-dd) lastdate(rrrr-mm-dd) [minage maxage everyn]
D=i-infection/x-covidproxy/h-hospitalization/l-longcovid/d-overalldeath/q-overalldeathnovacints
V=!-all variants/O-all Omicrons/E-O+Delta/x-variant x
R=-variants... --not discerned in InfPrior/a all discerned/g general discerned
W=i-intervals uded for variant determination/--not used

overall death es event
All variants as outcomes
Variants not discerned in InfPrior
Not using intervals of dominance
Input ../../data/data_20240527.csv
Number of InfPrior covariates: 10
Number of VaccStatusFull covariates: 10
Number of VaccStatusBoost covariates: 9
Number of VaccStatusSecBoost covariates: 9
Output rinput.csv
Date range 2021-01-01 - 2022-12-31

minage=18 maxage=59
Writing to temporary_full.csv
Importing from input, total 10838282 records.
Processing records from input, excluding inconsistent records:
5004548 individuals taken from the UZIS database
Omitting adding CZSO records.
Total 5349434 unique records, after errors and censorint: 5004548.
Not having particular shot: 0, 0, 0, 0, 0, 

Variants of infection found during study period

variant,infections,outcomes,discerned_in_condition,taken_as_outcome
NA,2058738,0,0,1
Delta,231458,0,0,1
BA12,80239,0,0,1
BA45,8825,0,0,1
Omicron,174529,0,0,1
Alpha,46404,0,0,1
Beta,0,0,0,1
Early,0,0,0,1
2023,0,0,0,1

Untracked variants (joinded into NA)
(empty)
JIN

Mode deathbyother
Age filter: 18-59

infprior,N,events
_uninfected,30348677,15757
inf_NA_001-365,10033268,5596
inf_NA_366-426,2180741,308
inf_NA_427-487,1662241,214
inf_NA_488-548,1509223,226
inf_NA_549-609,1466143,235
inf_NA_610-670,1380762,202
inf_NA_671-731,975599,123
inf_NA_732-792,534136,68
inf_NA_793-853,188500,18
inf_NA_854+,21191,1

vaccstatus,N,events
_unvaccinated,7504748,12599
partial_001-061,3435774,443
full_001-061,3742966,731
full_062-122,3909678,969
full_123-183,4252424,1083
full_184-244,3458439,790
boost_001-061,2592585,423
boost_062-122,2487426,630
boost_123-183,2386974,590
boost_184-244,2350348,582
boost_245-305,2252891,620
boost_306-366,1967534,533
full_245-305,2255174,595
full_306-366,1939395,552
full_367-427,1750069,451
full_428-488,1382982,329
full_489-549,1165171,219
boost_367-427,641500,105
partial_062+,172686,333
secboost_001-061,182343,61
boost_428-488,44505,2
secboost_062-122,120653,48
full_550+,276878,52
secboost_123-183,27173,8
boost_489+,165,0

immunity,N,events
_noimmunity,4616616,8420
_other,3750744,810
full_001-061,2888145,581
full_062-122,2844534,778
full_123-183,2814909,811
full_184-244,2013977,570
boost_001-061,1606210,334
boost_062-122,1425497,475
hybridboost_001-365,1685737,398
full_245-305,1049029,379
boost_123-183,1333625,436
boost_184-244,1299159,429
boost_245-305,1234728,451
inf_001-365,1478128,3774
full_306-366,838269,361
full_367-427,745004,292
full_428-488,554947,209
full_489-549,468063,120
inf_366-426,447441,118
hybridfull_001-061,819808,128
hybridfull_062-122,957032,161
hybridfull_123-183,1128521,175
hybridfull_184-244,943882,111
hybridfull_245-305,670773,98
hybridfull_306-366,571163,73
hybridfull_367-427,479519,48
boost_306-366,1111120,363
boost_367-427,372354,65
inf_427-487,231905,57
hybridboost_001-061,921261,99
hybridboost_062-122,876677,110
hybridboost_123-183,808098,90
hybridboost_184-244,765848,80
hybridboost_245-305,704832,83
hybridboost_306-366,546895,89
hybridboost_367-427,130688,19
hybridfull_428-488,350117,40
hybridfull_489-549,224683,24
hybridfull_001-365,3457771,765
hybridfull_366-426,163547,12
secboost_001-061,103929,40
boost_428-488,24652,2
secboost_062-122,73340,32
inf_488-548,186998,69
inf_549-609,177872,61
inf_610-670,169607,49
inf_671-731,112476,30
inf_732-792,57261,15
secboost_123-183,17928,7
hybridboost_428-488,6652,0
inf_793-853,24247,6
hybridfull_427-487,8744,1
hybridboost_366-426,4695,0
hybridfull_488-548,504,0
hybridfull_549-609,133,0
hybridfull_610-670,100,0
hybridfull_671-731,30,0
hybridboost_427-487,57,0

dcci,N,events
1,9523233,4538
_0,36196381,9284
2,3024614,3348
3,951336,1942
9,7563,127
4,306608,1106
5,107090,642
6,113848,953
7,49743,561
8,20065,247

agegr,N,events
35-39,5715570,1281
55-59,6798029,8347
30-34,5216039,871
_40-44,7392930,2243
45-49,8578768,3876
25-29,4293899,467
50-54,6821109,5147
18-24,5484137,516

covs (immunity version)=54 (76), events=22748, eventspercov=421.269(344.674)
minage=18 maxage=59
Writing to rinput.csv
Importing from input, total 10838282 records.
Processing records from input, excluding inconsistent records:
5004548 individuals taken from the UZIS database
Comparison with CZSO from 3th half-year
Adding women
Age,Total,Recorded,difference
18,46364,46209,155
19,46074,45648,426
20,45686,44691,995
21,45077,44058,1019
22,45706,43420,2286
23,46234,43777,2457
24,46445,43873,2572
25,49234,43753,5481
26,54607,46029,8578
27,60992,51185,9807
28,61239,57376,3863
29,64797,57579,7218
30,65510,60682,4828
31,64738,61365,3373
32,67188,60533,6655
33,65752,62414,3338
34,66847,61273,5574
35,68184,62500,5684
36,68475,63595,4880
37,68774,64136,4638
38,70317,64413,5904
39,70661,66177,4484
40,74460,66882,7578
41,82441,70596,11845
42,85466,78620,6846
43,87088,81761,5327
44,89378,83311,6067
45,91387,85658,5729
46,92106,87747,4359
47,85816,88547,-2731
48,78150,82488,-4338
49,73799,74994,-1195
50,70996,70825,171
51,68101,68108,-7
52,64883,65371,-488
53,64982,62229,2753
54,65811,62419,3392
55,68262,63418,4844
56,71079,65995,5084
57,68853,68693,160
58,61866,66484,-4618
59,60400,59640,760
Adding men
Age,Total,Recorded,difference
18,48911,48864,47
19,48467,48405,62
20,48895,47402,1493
21,47436,47299,137
22,48489,45663,2826
23,48790,46432,2358
24,49218,46169,3049
25,52610,46059,6551
26,58000,48727,9273
27,65210,53554,11656
28,65918,60178,5740
29,69804,60629,9175
30,69966,63927,6039
31,68880,64085,4795
32,70847,62721,8126
33,70812,64562,6250
34,71608,64137,7471
35,72965,64950,8015
36,73311,65991,7320
37,73414,66295,7119
38,74743,66756,7987
39,75650,68195,7455
40,80395,69507,10888
41,88373,74079,14294
42,91008,81996,9012
43,92163,84695,7468
44,94702,86037,8665
45,96148,88393,7755
46,97243,89897,7346
47,91409,91196,213
48,82134,85619,-3485
49,77401,76720,681
50,73973,72243,1730
51,71133,69014,2119
52,67190,66333,857
53,67322,62682,4640
54,67635,62994,4641
55,69943,63392,6551
56,72732,65795,6937
57,69369,68774,595
58,61732,65443,-3711
59,59681,58157,1524
Added,Men,Women
0-11,0,0
12-15,0,0
16-17,0,0
18-24,0,0
25-29,0,0
30-34,0,0
35-39,0,0
_40-44,0,0
45-49,0,0
50-54,0,0
55-59,0,0
60-64,0,0
65-69,0,0
70-74,0,0
75-79,0,0
80+,0,0
Total 5349434 unique records, after errors and censorint: 5004548.
Not having particular shot: 0, 0, 0, 0, 0, 

Variants of infection found during study period

variant,infections,outcomes,discerned_in_condition,taken_as_outcome
NA,2058738,0,0,1
Delta,231458,0,0,1
BA12,80239,0,0,1
BA45,8825,0,0,1
Omicron,174529,0,0,1
Alpha,46404,0,0,1
Beta,0,0,0,1
Early,0,0,0,1
2023,0,0,0,1

Untracked variants (joinded into NA)
(empty)
JIN

Mode deathbyother
Age filter: 18-59

infprior,N,events
_uninfected,30348677,15757
inf_NA_001-365,10033268,5596
inf_NA_366-426,2180741,308
inf_NA_427-487,1662241,214
inf_NA_488-548,1509223,226
inf_NA_549-609,1466143,235
inf_NA_610-670,1380762,202
inf_NA_671-731,975599,123
inf_NA_732-792,534136,68
inf_NA_793-853,188500,18
inf_NA_854+,21191,1

vaccstatus,N,events
_unvaccinated,7504748,12599
partial_001-061,3435774,443
full_001-061,3742966,731
full_062-122,3909678,969
full_123-183,4252424,1083
full_184-244,3458439,790
boost_001-061,2592585,423
boost_062-122,2487426,630
boost_123-183,2386974,590
boost_184-244,2350348,582
boost_245-305,2252891,620
boost_306-366,1967534,533
full_245-305,2255174,595
full_306-366,1939395,552
full_367-427,1750069,451
full_428-488,1382982,329
full_489-549,1165171,219
boost_367-427,641500,105
partial_062+,172686,333
secboost_001-061,182343,61
boost_428-488,44505,2
secboost_062-122,120653,48
full_550+,276878,52
secboost_123-183,27173,8

immunity,N,events
_noimmunity,4616616,8420
_other,3750744,810
full_001-061,2888145,581
full_062-122,2844534,778
full_123-183,2814909,811
full_184-244,2013977,570
boost_001-061,1606210,334
boost_062-122,1425497,475
hybridboost_001-365,1685737,398
full_245-305,1049029,379
boost_123-183,1333625,436
boost_184-244,1299159,429
boost_245-305,1234728,451
inf_001-365,1478128,3774
full_306-366,838269,361
full_367-427,745004,292
full_428-488,554947,209
full_489-549,468063,120
inf_366-426,447441,118
hybridfull_001-061,819808,128
hybridfull_062-122,957032,161
hybridfull_123-183,1128521,175
hybridfull_184-244,943882,111
hybridfull_245-305,670773,98
hybridfull_306-366,571163,73
hybridfull_367-427,479519,48
boost_306-366,1111120,363
boost_367-427,372354,65
inf_427-487,231905,57
hybridboost_001-061,921261,99
hybridboost_062-122,876677,110
hybridboost_123-183,808098,90
hybridboost_184-244,765848,80
hybridboost_245-305,704832,83
hybridboost_306-366,546895,89
hybridboost_367-427,130688,19
hybridfull_428-488,350117,40
hybridfull_489-549,224683,24
hybridfull_001-365,3457771,765
hybridfull_366-426,163547,12
secboost_001-061,103929,40
boost_428-488,24652,2
secboost_062-122,73340,32
inf_488-548,186998,69
inf_549-609,177872,61
inf_610-670,169607,49
inf_671-731,112476,30
inf_732-792,57261,15
secboost_123-183,17928,7
inf_793-853,24247,6
hybridfull_427-487,8744,1

dcci,N,events
1,9523233,4538
_0,36196381,9284
2,3024614,3348
3,951336,1942
9,7563,127
4,306608,1106
5,107090,642
6,113848,953
7,49743,561
8,20065,247

agegr,N,events
35-39,5715570,1281
55-59,6798029,8347
30-34,5216039,871
_40-44,7392930,2243
45-49,8578768,3876
25-29,4293899,467
50-54,6821109,5147
18-24,5484137,516

covs (immunity version)=53 (69), events=22748, eventspercov=429.217(385.568)
time: 687 seconds.
── Attaching core tidyverse packages ──────────────────────── tidyverse 2.0.0 ──
✔ dplyr     1.1.0     ✔ purrr     1.0.1
✔ forcats   1.0.0     ✔ stringr   1.5.0
✔ ggplot2   3.4.1     ✔ tibble    3.1.8
✔ lubridate 1.9.2     ✔ tidyr     1.3.0
── Conflicts ────────────────────────────────────────── tidyverse_conflicts() ──
✖ dplyr::filter() masks stats::filter()
✖ dplyr::lag()    masks stats::lag()
ℹ Use the conflicted package (<http://conflicted.r-lib.org/>) to force all conflicts to become errors
Loading required package: maditr

Use magrittr pipe '%>%' to chain several operations:
             mtcars %>%
                 let(mpg_hp = mpg/hp) %>%
                 take(mean(mpg_hp), by = am)
        


Attaching package: ‘maditr’

The following objects are masked from ‘package:dplyr’:

    between, coalesce, first, last

The following object is masked from ‘package:purrr’:

    transpose

The following object is masked from ‘package:readr’:

    cols


Use 'expss_output_rnotebook()' to display tables inside R Notebooks.
 To return to the console output, use 'expss_output_default()'.


Attaching package: ‘expss’

The following objects are masked from ‘package:gtsummary’:

    contains, vars

The following objects are masked from ‘package:stringr’:

    fixed, regex

The following objects are masked from ‘package:dplyr’:

    compute, contains, na_if, recode, vars, where

The following objects are masked from ‘package:purrr’:

    keep, modify, modify_if, when

The following objects are masked from ‘package:tidyr’:

    contains, nest

The following object is masked from ‘package:ggplot2’:

    vars


Attaching package: ‘gt’

The following objects are masked from ‘package:expss’:

    contains, gt, tab_caption, vars

Loading required package: ggpubr

Attaching package: ‘ggpubr’

The following object is masked from ‘package:expss’:

    compare_means


Attaching package: ‘survminer’

The following object is masked from ‘package:survival’:

    myeloma


Attaching package: ‘scales’

The following object is masked from ‘package:plotrix’:

    rescale

The following object is masked from ‘package:purrr’:

    discard

The following object is masked from ‘package:readr’:

    col_factor

gdata: read.xls support for 'XLS' (Excel 97-2004) files ENABLED.

gdata: read.xls support for 'XLSX' (Excel 2007+) files ENABLED.

Attaching package: ‘gdata’

The following object is masked from ‘package:expss’:

    keep

The following objects are masked from ‘package:maditr’:

    first, last

The following objects are masked from ‘package:dplyr’:

    combine, first, last

The following object is masked from ‘package:purrr’:

    keep

The following object is masked from ‘package:stats’:

    nobs

The following object is masked from ‘package:utils’:

    object.size

The following object is masked from ‘package:base’:

    startsWith

Registered S3 method overwritten by 'gplots':
  method         from 
  reorder.factor gdata

Attaching package: ‘gplots’

The following object is masked from ‘package:gdata’:

    reorder.factor

The following object is masked from ‘package:plotrix’:

    plotCI

The following object is masked from ‘package:stats’:

    lowess

Loading required package: R.oo
Loading required package: R.methodsS3
R.methodsS3 v1.8.2 (2022-06-13 22:00:14 UTC) successfully loaded. See ?R.methodsS3 for help.
R.oo v1.26.0 (2024-01-24 05:12:50 UTC) successfully loaded. See ?R.oo for help.

Attaching package: ‘R.oo’

The following object is masked from ‘package:R.methodsS3’:

    throw

The following objects are masked from ‘package:gdata’:

    ll, trim

The following object is masked from ‘package:expss’:

    equals

The following objects are masked from ‘package:methods’:

    getClasses, getMethods

The following objects are masked from ‘package:base’:

    attach, detach, load, save

R.utils v2.12.3 (2023-11-18 01:00:02 UTC) successfully loaded. See ?R.utils for help.

Attaching package: ‘R.utils’

The following objects are masked from ‘package:gdata’:

    env, resample

The following object is masked from ‘package:expss’:

    less

The following object is masked from ‘package:tidyr’:

    extract

The following object is masked from ‘package:utils’:

    timestamp

The following objects are masked from ‘package:base’:

    cat, commandArgs, getOption, isOpen, nullfile, parse, warnings


Execution halted
Group done
rm: cannot remove '*': No such file or directory
../../convertool/bin/convertool ../../data/data_20240527.csv rinput.csv d!- 2021-01-01 2022-12-31 60 69 
version 2.0
Usage convertool input output whattodo(DVRW) firstdate(rrrr-mm-dd) lastdate(rrrr-mm-dd) [minage maxage everyn]
D=i-infection/x-covidproxy/h-hospitalization/l-longcovid/d-overalldeath/q-overalldeathnovacints
V=!-all variants/O-all Omicrons/E-O+Delta/x-variant x
R=-variants... --not discerned in InfPrior/a all discerned/g general discerned
W=i-intervals uded for variant determination/--not used

overall death es event
All variants as outcomes
Variants not discerned in InfPrior
Not using intervals of dominance
Input ../../data/data_20240527.csv
Number of InfPrior covariates: 10
Number of VaccStatusFull covariates: 10
Number of VaccStatusBoost covariates: 9
Number of VaccStatusSecBoost covariates: 9
mkdir: cannot create directory ‘Deaths1’: File exists
mkdir: cannot create directory ‘Deaths1’: File exists
── Attaching core tidyverse packages ──────────────────────── tidyverse 2.0.0 ──
✔ dplyr     1.1.0     ✔ purrr     1.0.1
✔ forcats   1.0.0     ✔ stringr   1.5.0
✔ ggplot2   3.4.1     ✔ tibble    3.1.8
✔ lubridate 1.9.2     ✔ tidyr     1.3.0
── Conflicts ────────────────────────────────────────── tidyverse_conflicts() ──
✖ dplyr::filter() masks stats::filter()
✖ dplyr::lag()    masks stats::lag()
ℹ Use the conflicted package (<http://conflicted.r-lib.org/>) to force all conflicts to become errors
Loading required package: maditr

To select rows from data: rows(mtcars, am==0)


Attaching package: ‘maditr’

The following objects are masked from ‘package:dplyr’:

    between, coalesce, first, last

The following object is masked from ‘package:purrr’:

    transpose

The following object is masked from ‘package:readr’:

    cols


Use 'expss_output_viewer()' to display tables in the RStudio Viewer.
 To return to the console output, use 'expss_output_default()'.


Attaching package: ‘expss’

The following objects are masked from ‘package:gtsummary’:

    contains, vars

The following objects are masked from ‘package:stringr’:

    fixed, regex

The following objects are masked from ‘package:dplyr’:

    compute, contains, na_if, recode, vars, where

The following objects are masked from ‘package:purrr’:

    keep, modify, modify_if, when

The following objects are masked from ‘package:tidyr’:

    contains, nest

The following object is masked from ‘package:ggplot2’:

    vars


Attaching package: ‘gt’

The following objects are masked from ‘package:expss’:

    contains, gt, tab_caption, vars

Loading required package: ggpubr

Attaching package: ‘ggpubr’

The following object is masked from ‘package:expss’:

    compare_means


Attaching package: ‘survminer’

The following object is masked from ‘package:survival’:

    myeloma


Attaching package: ‘scales’

The following object is masked from ‘package:plotrix’:

    rescale

The following object is masked from ‘package:purrr’:

    discard

The following object is masked from ‘package:readr’:

    col_factor

gdata: read.xls support for 'XLS' (Excel 97-2004) files ENABLED.

gdata: read.xls support for 'XLSX' (Excel 2007+) files ENABLED.

Attaching package: ‘gdata’

The following object is masked from ‘package:expss’:

    keep

The following objects are masked from ‘package:maditr’:

    first, last

The following objects are masked from ‘package:dplyr’:

    combine, first, last

The following object is masked from ‘package:purrr’:

    keep

The following object is masked from ‘package:stats’:

    nobs

The following object is masked from ‘package:utils’:

    object.size

The following object is masked from ‘package:base’:

    startsWith

Registered S3 method overwritten by 'gplots':
  method         from 
  reorder.factor gdata

Attaching package: ‘gplots’

The following object is masked from ‘package:gdata’:

    reorder.factor

The following object is masked from ‘package:plotrix’:

    plotCI

The following object is masked from ‘package:stats’:

    lowess

Loading required package: R.oo
Loading required package: R.methodsS3
R.methodsS3 v1.8.2 (2022-06-13 22:00:14 UTC) successfully loaded. See ?R.methodsS3 for help.
R.oo v1.26.0 (2024-01-24 05:12:50 UTC) successfully loaded. See ?R.oo for help.

Attaching package: ‘R.oo’

The following object is masked from ‘package:R.methodsS3’:

    throw

The following objects are masked from ‘package:gdata’:

    ll, trim

The following object is masked from ‘package:expss’:

    equals

The following objects are masked from ‘package:methods’:

    getClasses, getMethods

The following objects are masked from ‘package:base’:

    attach, detach, load, save

R.utils v2.12.3 (2023-11-18 01:00:02 UTC) successfully loaded. See ?R.utils for help.

Attaching package: ‘R.utils’

The following objects are masked from ‘package:gdata’:

    env, resample

The following object is masked from ‘package:expss’:

    less

The following object is masked from ‘package:tidyr’:

    extract

The following object is masked from ‘package:utils’:

    timestamp

The following objects are masked from ‘package:base’:

    cat, commandArgs, getOption, isOpen, nullfile, parse, warnings

Saving 4 x 7 in image
Group done
mkdir: cannot create directory ‘Deaths2’: File exists
── Attaching core tidyverse packages ──────────────────────── tidyverse 2.0.0 ──
✔ dplyr     1.1.0     ✔ purrr     1.0.1
✔ forcats   1.0.0     ✔ stringr   1.5.0
✔ ggplot2   3.4.1     ✔ tibble    3.1.8
✔ lubridate 1.9.2     ✔ tidyr     1.3.0
── Conflicts ────────────────────────────────────────── tidyverse_conflicts() ──
✖ dplyr::filter() masks stats::filter()
✖ dplyr::lag()    masks stats::lag()
ℹ Use the conflicted package (<http://conflicted.r-lib.org/>) to force all conflicts to become errors
Loading required package: maditr

To select rows from data: rows(mtcars, am==0)


Attaching package: ‘maditr’

The following objects are masked from ‘package:dplyr’:

    between, coalesce, first, last

The following object is masked from ‘package:purrr’:

    transpose

The following object is masked from ‘package:readr’:

    cols


Use 'expss_output_rnotebook()' to display tables inside R Notebooks.
 To return to the console output, use 'expss_output_default()'.


Attaching package: ‘expss’

The following objects are masked from ‘package:gtsummary’:

    contains, vars

The following objects are masked from ‘package:stringr’:

    fixed, regex

The following objects are masked from ‘package:dplyr’:

    compute, contains, na_if, recode, vars, where

The following objects are masked from ‘package:purrr’:

    keep, modify, modify_if, when

The following objects are masked from ‘package:tidyr’:

    contains, nest

The following object is masked from ‘package:ggplot2’:

    vars


Attaching package: ‘gt’

The following objects are masked from ‘package:expss’:

    contains, gt, tab_caption, vars

Loading required package: ggpubr

Attaching package: ‘ggpubr’

The following object is masked from ‘package:expss’:

    compare_means


Attaching package: ‘survminer’

The following object is masked from ‘package:survival’:

    myeloma


Attaching package: ‘scales’

The following object is masked from ‘package:plotrix’:

    rescale

The following object is masked from ‘package:purrr’:

    discard

The following object is masked from ‘package:readr’:

    col_factor

gdata: read.xls support for 'XLS' (Excel 97-2004) files ENABLED.

gdata: read.xls support for 'XLSX' (Excel 2007+) files ENABLED.

Attaching package: ‘gdata’

The following object is masked from ‘package:expss’:

    keep

The following objects are masked from ‘package:maditr’:

    first, last

The following objects are masked from ‘package:dplyr’:

    combine, first, last

The following object is masked from ‘package:purrr’:

    keep

The following object is masked from ‘package:stats’:

    nobs

The following object is masked from ‘package:utils’:

    object.size

The following object is masked from ‘package:base’:

    startsWith

Registered S3 method overwritten by 'gplots':
  method         from 
  reorder.factor gdata

Attaching package: ‘gplots’

The following object is masked from ‘package:gdata’:

    reorder.factor

The following object is masked from ‘package:plotrix’:

    plotCI

The following object is masked from ‘package:stats’:

    lowess

Loading required package: R.oo
Loading required package: R.methodsS3
R.methodsS3 v1.8.2 (2022-06-13 22:00:14 UTC) successfully loaded. See ?R.methodsS3 for help.
R.oo v1.26.0 (2024-01-24 05:12:50 UTC) successfully loaded. See ?R.oo for help.

Attaching package: ‘R.oo’

The following object is masked from ‘package:R.methodsS3’:

    throw

The following objects are masked from ‘package:gdata’:

    ll, trim

The following object is masked from ‘package:expss’:

    equals

The following objects are masked from ‘package:methods’:

    getClasses, getMethods

The following objects are masked from ‘package:base’:

    attach, detach, load, save

R.utils v2.12.3 (2023-11-18 01:00:02 UTC) successfully loaded. See ?R.utils for help.

Attaching package: ‘R.utils’

The following objects are masked from ‘package:gdata’:

    env, resample

The following object is masked from ‘package:expss’:

    less

The following object is masked from ‘package:tidyr’:

    extract

The following object is masked from ‘package:utils’:

    timestamp

The following objects are masked from ‘package:base’:

    cat, commandArgs, getOption, isOpen, nullfile, parse, warnings

Saving 4 x 7 in image
Group done
rm: cannot remove '*': No such file or directory
── Attaching core tidyverse packages ──────────────────────── tidyverse 2.0.0 ──
✔ dplyr     1.1.0     ✔ purrr     1.0.1
✔ forcats   1.0.0     ✔ stringr   1.5.0
✔ ggplot2   3.4.1     ✔ tibble    3.1.8
✔ lubridate 1.9.2     ✔ tidyr     1.3.0
── Conflicts ────────────────────────────────────────── tidyverse_conflicts() ──
✖ dplyr::filter() masks stats::filter()
✖ dplyr::lag()    masks stats::lag()
ℹ Use the conflicted package (<http://conflicted.r-lib.org/>) to force all conflicts to become errors
Loading required package: maditr

To get total summary skip 'by' argument: take_all(mtcars, mean)


Attaching package: ‘maditr’

The following objects are masked from ‘package:dplyr’:

    between, coalesce, first, last

The following object is masked from ‘package:purrr’:

    transpose

The following object is masked from ‘package:readr’:

    cols


Use 'expss_output_viewer()' to display tables in the RStudio Viewer.
 To return to the console output, use 'expss_output_default()'.


Attaching package: ‘expss’

The following objects are masked from ‘package:gtsummary’:

    contains, vars

The following objects are masked from ‘package:stringr’:

    fixed, regex

The following objects are masked from ‘package:dplyr’:

    compute, contains, na_if, recode, vars, where

The following objects are masked from ‘package:purrr’:

    keep, modify, modify_if, when

The following objects are masked from ‘package:tidyr’:

    contains, nest

The following object is masked from ‘package:ggplot2’:

    vars


Attaching package: ‘gt’

The following objects are masked from ‘package:expss’:

    contains, gt, tab_caption, vars

Loading required package: ggpubr

Attaching package: ‘ggpubr’

The following object is masked from ‘package:expss’:

    compare_means


Attaching package: ‘survminer’

The following object is masked from ‘package:survival’:

    myeloma


Attaching package: ‘scales’

The following object is masked from ‘package:plotrix’:

    rescale

The following object is masked from ‘package:purrr’:

    discard

The following object is masked from ‘package:readr’:

    col_factor

gdata: read.xls support for 'XLS' (Excel 97-2004) files ENABLED.

gdata: read.xls support for 'XLSX' (Excel 2007+) files ENABLED.

Attaching package: ‘gdata’

The following object is masked from ‘package:expss’:

    keep

The following objects are masked from ‘package:maditr’:

    first, last

The following objects are masked from ‘package:dplyr’:

    combine, first, last

The following object is masked from ‘package:purrr’:

    keep

The following object is masked from ‘package:stats’:

    nobs

The following object is masked from ‘package:utils’:

    object.size

The following object is masked from ‘package:base’:

    startsWith

Registered S3 method overwritten by 'gplots':
  method         from 
  reorder.factor gdata

Attaching package: ‘gplots’

The following object is masked from ‘package:gdata’:

    reorder.factor

The following object is masked from ‘package:plotrix’:

    plotCI

The following object is masked from ‘package:stats’:

    lowess

Loading required package: R.oo
Loading required package: R.methodsS3
R.methodsS3 v1.8.2 (2022-06-13 22:00:14 UTC) successfully loaded. See ?R.methodsS3 for help.
R.oo v1.26.0 (2024-01-24 05:12:50 UTC) successfully loaded. See ?R.oo for help.

Attaching package: ‘R.oo’

The following object is masked from ‘package:R.methodsS3’:

    throw

The following objects are masked from ‘package:gdata’:

    ll, trim

The following object is masked from ‘package:expss’:

    equals

The following objects are masked from ‘package:methods’:

    getClasses, getMethods

The following objects are masked from ‘package:base’:

    attach, detach, load, save

R.utils v2.12.3 (2023-11-18 01:00:02 UTC) successfully loaded. See ?R.utils for help.

Attaching package: ‘R.utils’

The following objects are masked from ‘package:gdata’:

    env, resample

The following object is masked from ‘package:expss’:

    less

The following object is masked from ‘package:tidyr’:

    extract

The following object is masked from ‘package:utils’:

    timestamp

The following objects are masked from ‘package:base’:

    cat, commandArgs, getOption, isOpen, nullfile, parse, warnings

Saving 4 x 7 in image
Group done
rm: cannot remove '*': No such file or directory
── Attaching core tidyverse packages ──────────────────────── tidyverse 2.0.0 ──
✔ dplyr     1.1.0     ✔ purrr     1.0.1
✔ forcats   1.0.0     ✔ stringr   1.5.0
✔ ggplot2   3.4.1     ✔ tibble    3.1.8
✔ lubridate 1.9.2     ✔ tidyr     1.3.0
── Conflicts ────────────────────────────────────────── tidyverse_conflicts() ──
✖ dplyr::filter() masks stats::filter()
✖ dplyr::lag()    masks stats::lag()
ℹ Use the conflicted package (<http://conflicted.r-lib.org/>) to force all conflicts to become errors
Loading required package: maditr

To drop variable use NULL: let(mtcars, am = NULL) %>% head()


Attaching package: ‘maditr’

The following objects are masked from ‘package:dplyr’:

    between, coalesce, first, last

The following object is masked from ‘package:purrr’:

    transpose

The following object is masked from ‘package:readr’:

    cols


Use 'expss_output_rnotebook()' to display tables inside R Notebooks.
 To return to the console output, use 'expss_output_default()'.


Attaching package: ‘expss’

The following objects are masked from ‘package:gtsummary’:

    contains, vars

The following objects are masked from ‘package:stringr’:

    fixed, regex

The following objects are masked from ‘package:dplyr’:

    compute, contains, na_if, recode, vars, where

The following objects are masked from ‘package:purrr’:

    keep, modify, modify_if, when

The following objects are masked from ‘package:tidyr’:

    contains, nest

The following object is masked from ‘package:ggplot2’:

    vars


Attaching package: ‘gt’

The following objects are masked from ‘package:expss’:

    contains, gt, tab_caption, vars

Loading required package: ggpubr

Attaching package: ‘ggpubr’

The following object is masked from ‘package:expss’:

    compare_means


Attaching package: ‘survminer’

The following object is masked from ‘package:survival’:

    myeloma


Attaching package: ‘scales’

The following object is masked from ‘package:plotrix’:

    rescale

The following object is masked from ‘package:purrr’:

    discard

The following object is masked from ‘package:readr’:

    col_factor

gdata: read.xls support for 'XLS' (Excel 97-2004) files ENABLED.

gdata: read.xls support for 'XLSX' (Excel 2007+) files ENABLED.

Attaching package: ‘gdata’

The following object is masked from ‘package:expss’:

    keep

The following objects are masked from ‘package:maditr’:

    first, last

The following objects are masked from ‘package:dplyr’:

    combine, first, last

The following object is masked from ‘package:purrr’:

    keep

The following object is masked from ‘package:stats’:

    nobs

The following object is masked from ‘package:utils’:

    object.size

The following object is masked from ‘package:base’:

    startsWith

Registered S3 method overwritten by 'gplots':
  method         from 
  reorder.factor gdata

Attaching package: ‘gplots’

The following object is masked from ‘package:gdata’:

    reorder.factor

The following object is masked from ‘package:plotrix’:

    plotCI

The following object is masked from ‘package:stats’:

    lowess

Loading required package: R.oo
Loading required package: R.methodsS3
R.methodsS3 v1.8.2 (2022-06-13 22:00:14 UTC) successfully loaded. See ?R.methodsS3 for help.
R.oo v1.26.0 (2024-01-24 05:12:50 UTC) successfully loaded. See ?R.oo for help.

Attaching package: ‘R.oo’

The following object is masked from ‘package:R.methodsS3’:

    throw

The following objects are masked from ‘package:gdata’:

    ll, trim

The following object is masked from ‘package:expss’:

    equals

The following objects are masked from ‘package:methods’:

    getClasses, getMethods

The following objects are masked from ‘package:base’:

    attach, detach, load, save

R.utils v2.12.3 (2023-11-18 01:00:02 UTC) successfully loaded. See ?R.utils for help.

Attaching package: ‘R.utils’

The following objects are masked from ‘package:gdata’:

    env, resample

The following object is masked from ‘package:expss’:

    less

The following object is masked from ‘package:tidyr’:

    extract

The following object is masked from ‘package:utils’:

    timestamp

The following objects are masked from ‘package:base’:

    cat, commandArgs, getOption, isOpen, nullfile, parse, warnings

Saving 4 x 7 in image
Group done
rm: cannot remove '*': No such file or directory
── Attaching core tidyverse packages ──────────────────────── tidyverse 2.0.0 ──
✔ dplyr     1.1.0     ✔ purrr     1.0.1
✔ forcats   1.0.0     ✔ stringr   1.5.0
✔ ggplot2   3.4.1     ✔ tibble    3.1.8
✔ lubridate 1.9.2     ✔ tidyr     1.3.0
── Conflicts ────────────────────────────────────────── tidyverse_conflicts() ──
✖ dplyr::filter() masks stats::filter()
✖ dplyr::lag()    masks stats::lag()
ℹ Use the conflicted package (<http://conflicted.r-lib.org/>) to force all conflicts to become errors
#StandWithUkraine
Loading required package: maditr

To aggregate all non-grouping columns: take_all(mtcars, mean, by = am)


Attaching package: ‘maditr’

The following objects are masked from ‘package:dplyr’:

    between, coalesce, first, last

The following object is masked from ‘package:purrr’:

    transpose

The following object is masked from ‘package:readr’:

    cols


Use 'expss_output_viewer()' to display tables in the RStudio Viewer.
 To return to the console output, use 'expss_output_default()'.


Attaching package: ‘expss’

The following objects are masked from ‘package:gtsummary’:

    contains, vars

The following objects are masked from ‘package:stringr’:

    fixed, regex

The following objects are masked from ‘package:dplyr’:

    compute, contains, na_if, recode, vars, where

The following objects are masked from ‘package:purrr’:

    keep, modify, modify_if, when

The following objects are masked from ‘package:tidyr’:

    contains, nest

The following object is masked from ‘package:ggplot2’:

    vars


Attaching package: ‘gt’

The following objects are masked from ‘package:expss’:

    contains, gt, tab_caption, vars

Loading required package: ggpubr

Attaching package: ‘ggpubr’

The following object is masked from ‘package:expss’:

    compare_means


Attaching package: ‘survminer’

The following object is masked from ‘package:survival’:

    myeloma


Attaching package: ‘scales’

The following object is masked from ‘package:plotrix’:

    rescale

The following object is masked from ‘package:purrr’:

    discard

The following object is masked from ‘package:readr’:

    col_factor

gdata: read.xls support for 'XLS' (Excel 97-2004) files ENABLED.

gdata: read.xls support for 'XLSX' (Excel 2007+) files ENABLED.

Attaching package: ‘gdata’

The following object is masked from ‘package:expss’:

    keep

The following objects are masked from ‘package:maditr’:

    first, last

The following objects are masked from ‘package:dplyr’:

    combine, first, last

The following object is masked from ‘package:purrr’:

    keep

The following object is masked from ‘package:stats’:

    nobs

The following object is masked from ‘package:utils’:

    object.size

The following object is masked from ‘package:base’:

    startsWith

Registered S3 method overwritten by 'gplots':
  method         from 
  reorder.factor gdata

Attaching package: ‘gplots’

The following object is masked from ‘package:gdata’:

    reorder.factor

The following object is masked from ‘package:plotrix’:

    plotCI

The following object is masked from ‘package:stats’:

    lowess

Loading required package: R.oo
Loading required package: R.methodsS3
R.methodsS3 v1.8.2 (2022-06-13 22:00:14 UTC) successfully loaded. See ?R.methodsS3 for help.
R.oo v1.26.0 (2024-01-24 05:12:50 UTC) successfully loaded. See ?R.oo for help.

Attaching package: ‘R.oo’

The following object is masked from ‘package:R.methodsS3’:

    throw

The following objects are masked from ‘package:gdata’:

    ll, trim

The following object is masked from ‘package:expss’:

    equals

The following objects are masked from ‘package:methods’:

    getClasses, getMethods

The following objects are masked from ‘package:base’:

    attach, detach, load, save

R.utils v2.12.3 (2023-11-18 01:00:02 UTC) successfully loaded. See ?R.utils for help.

Attaching package: ‘R.utils’

The following objects are masked from ‘package:gdata’:

    env, resample

The following object is masked from ‘package:expss’:

    less

The following object is masked from ‘package:tidyr’:

    extract

The following object is masked from ‘package:utils’:

    timestamp

The following objects are masked from ‘package:base’:

    cat, commandArgs, getOption, isOpen, nullfile, parse, warnings

Saving 4 x 7 in image
Group done
rm: cannot remove '*': No such file or directory
── Attaching core tidyverse packages ──────────────────────── tidyverse 2.0.0 ──
✔ dplyr     1.1.0     ✔ purrr     1.0.1
✔ forcats   1.0.0     ✔ stringr   1.5.0
✔ ggplot2   3.4.1     ✔ tibble    3.1.8
✔ lubridate 1.9.2     ✔ tidyr     1.3.0
── Conflicts ────────────────────────────────────────── tidyverse_conflicts() ──
✖ dplyr::filter() masks stats::filter()
✖ dplyr::lag()    masks stats::lag()
ℹ Use the conflicted package (<http://conflicted.r-lib.org/>) to force all conflicts to become errors
#Uighur
Loading required package: maditr

To aggregate all non-grouping columns: take_all(mtcars, mean, by = am)


Attaching package: ‘maditr’

The following objects are masked from ‘package:dplyr’:

    between, coalesce, first, last

The following object is masked from ‘package:purrr’:

    transpose

The following object is masked from ‘package:readr’:

    cols


Use 'expss_output_viewer()' to display tables in the RStudio Viewer.
 To return to the console output, use 'expss_output_default()'.


Attaching package: ‘expss’

The following objects are masked from ‘package:gtsummary’:

    contains, vars

The following objects are masked from ‘package:stringr’:

    fixed, regex

The following objects are masked from ‘package:dplyr’:

    compute, contains, na_if, recode, vars, where

The following objects are masked from ‘package:purrr’:

    keep, modify, modify_if, when

The following objects are masked from ‘package:tidyr’:

    contains, nest

The following object is masked from ‘package:ggplot2’:

    vars


Attaching package: ‘gt’

The following objects are masked from ‘package:expss’:

    contains, gt, tab_caption, vars

Loading required package: ggpubr

Attaching package: ‘ggpubr’

The following object is masked from ‘package:expss’:

    compare_means


Attaching package: ‘survminer’

The following object is masked from ‘package:survival’:

    myeloma


Attaching package: ‘scales’

The following object is masked from ‘package:plotrix’:

    rescale

The following object is masked from ‘package:purrr’:

    discard

The following object is masked from ‘package:readr’:

    col_factor

gdata: read.xls support for 'XLS' (Excel 97-2004) files ENABLED.

gdata: read.xls support for 'XLSX' (Excel 2007+) files ENABLED.

Attaching package: ‘gdata’

The following object is masked from ‘package:expss’:

    keep

The following objects are masked from ‘package:maditr’:

    first, last

The following objects are masked from ‘package:dplyr’:

    combine, first, last

The following object is masked from ‘package:purrr’:

    keep

The following object is masked from ‘package:stats’:

    nobs

The following object is masked from ‘package:utils’:

    object.size

The following object is masked from ‘package:base’:

    startsWith

Registered S3 method overwritten by 'gplots':
  method         from 
  reorder.factor gdata

Attaching package: ‘gplots’

The following object is masked from ‘package:gdata’:

    reorder.factor

The following object is masked from ‘package:plotrix’:

    plotCI

The following object is masked from ‘package:stats’:

    lowess

Loading required package: R.oo
Loading required package: R.methodsS3
R.methodsS3 v1.8.2 (2022-06-13 22:00:14 UTC) successfully loaded. See ?R.methodsS3 for help.
R.oo v1.26.0 (2024-01-24 05:12:50 UTC) successfully loaded. See ?R.oo for help.

Attaching package: ‘R.oo’

The following object is masked from ‘package:R.methodsS3’:

    throw

The following objects are masked from ‘package:gdata’:

    ll, trim

The following object is masked from ‘package:expss’:

    equals

The following objects are masked from ‘package:methods’:

    getClasses, getMethods

The following objects are masked from ‘package:base’:

    attach, detach, load, save

R.utils v2.12.3 (2023-11-18 01:00:02 UTC) successfully loaded. See ?R.utils for help.

Attaching package: ‘R.utils’

The following objects are masked from ‘package:gdata’:

    env, resample

The following object is masked from ‘package:expss’:

    less

The following object is masked from ‘package:tidyr’:

    extract

The following object is masked from ‘package:utils’:

    timestamp

The following objects are masked from ‘package:base’:

    cat, commandArgs, getOption, isOpen, nullfile, parse, warnings

Saving 4 x 7 in image
Group done
rm: cannot remove '*': No such file or directory
── Attaching core tidyverse packages ──────────────────────── tidyverse 2.0.0 ──
✔ dplyr     1.1.0     ✔ purrr     1.0.1
✔ forcats   1.0.0     ✔ stringr   1.5.0
✔ ggplot2   3.4.1     ✔ tibble    3.1.8
✔ lubridate 1.9.2     ✔ tidyr     1.3.0
── Conflicts ────────────────────────────────────────── tidyverse_conflicts() ──
✖ dplyr::filter() masks stats::filter()
✖ dplyr::lag()    masks stats::lag()
ℹ Use the conflicted package (<http://conflicted.r-lib.org/>) to force all conflicts to become errors
Loading required package: maditr

To aggregate all non-grouping columns: take_all(mtcars, mean, by = am)


Attaching package: ‘maditr’

The following objects are masked from ‘package:dplyr’:

    between, coalesce, first, last

The following object is masked from ‘package:purrr’:

    transpose

The following object is masked from ‘package:readr’:

    cols


Attaching package: ‘expss’

The following objects are masked from ‘package:gtsummary’:

    contains, vars

The following objects are masked from ‘package:stringr’:

    fixed, regex

The following objects are masked from ‘package:dplyr’:

    compute, contains, na_if, recode, vars, where

The following objects are masked from ‘package:purrr’:

    keep, modify, modify_if, when

The following objects are masked from ‘package:tidyr’:

    contains, nest

The following object is masked from ‘package:ggplot2’:

    vars


Attaching package: ‘gt’

The following objects are masked from ‘package:expss’:

    contains, gt, tab_caption, vars

Loading required package: ggpubr

Attaching package: ‘ggpubr’

The following object is masked from ‘package:expss’:

    compare_means


Attaching package: ‘survminer’

The following object is masked from ‘package:survival’:

    myeloma


Attaching package: ‘scales’

The following object is masked from ‘package:plotrix’:

    rescale

The following object is masked from ‘package:purrr’:

    discard

The following object is masked from ‘package:readr’:

    col_factor

gdata: read.xls support for 'XLS' (Excel 97-2004) files ENABLED.

gdata: read.xls support for 'XLSX' (Excel 2007+) files ENABLED.

Attaching package: ‘gdata’

The following object is masked from ‘package:expss’:

    keep

The following objects are masked from ‘package:maditr’:

    first, last

The following objects are masked from ‘package:dplyr’:

    combine, first, last

The following object is masked from ‘package:purrr’:

    keep

The following object is masked from ‘package:stats’:

    nobs

The following object is masked from ‘package:utils’:

    object.size

The following object is masked from ‘package:base’:

    startsWith

Registered S3 method overwritten by 'gplots':
  method         from 
  reorder.factor gdata

Attaching package: ‘gplots’

The following object is masked from ‘package:gdata’:

    reorder.factor

The following object is masked from ‘package:plotrix’:

    plotCI

The following object is masked from ‘package:stats’:

    lowess

Loading required package: R.oo
Loading required package: R.methodsS3
R.methodsS3 v1.8.2 (2022-06-13 22:00:14 UTC) successfully loaded. See ?R.methodsS3 for help.
R.oo v1.26.0 (2024-01-24 05:12:50 UTC) successfully loaded. See ?R.oo for help.

Attaching package: ‘R.oo’

The following object is masked from ‘package:R.methodsS3’:

    throw

The following objects are masked from ‘package:gdata’:

    ll, trim

The following object is masked from ‘package:expss’:

    equals

The following objects are masked from ‘package:methods’:

    getClasses, getMethods

The following objects are masked from ‘package:base’:

    attach, detach, load, save

R.utils v2.12.3 (2023-11-18 01:00:02 UTC) successfully loaded. See ?R.utils for help.

Attaching package: ‘R.utils’

The following objects are masked from ‘package:gdata’:

    env, resample

The following object is masked from ‘package:expss’:

    less

The following object is masked from ‘package:tidyr’:

    extract

The following object is masked from ‘package:utils’:

    timestamp

The following objects are masked from ‘package:base’:

    cat, commandArgs, getOption, isOpen, nullfile, parse, warnings

Saving 4 x 7 in image
Group done
rm: cannot remove '*': No such file or directory
── Attaching core tidyverse packages ──────────────────────── tidyverse 2.0.0 ──
✔ dplyr     1.1.0     ✔ purrr     1.0.1
✔ forcats   1.0.0     ✔ stringr   1.5.0
✔ ggplot2   3.4.1     ✔ tibble    3.1.8
✔ lubridate 1.9.2     ✔ tidyr     1.3.0
── Conflicts ────────────────────────────────────────── tidyverse_conflicts() ──
✖ dplyr::filter() masks stats::filter()
✖ dplyr::lag()    masks stats::lag()
ℹ Use the conflicted package (<http://conflicted.r-lib.org/>) to force all conflicts to become errors
#StandWithUkraine
Loading required package: maditr

To drop variable use NULL: let(mtcars, am = NULL) %>% head()


Attaching package: ‘maditr’

The following objects are masked from ‘package:dplyr’:

    between, coalesce, first, last

The following object is masked from ‘package:purrr’:

    transpose

The following object is masked from ‘package:readr’:

    cols


Use 'expss_output_rnotebook()' to display tables inside R Notebooks.
 To return to the console output, use 'expss_output_default()'.


Attaching package: ‘expss’

The following objects are masked from ‘package:gtsummary’:

    contains, vars

The following objects are masked from ‘package:stringr’:

    fixed, regex

The following objects are masked from ‘package:dplyr’:

    compute, contains, na_if, recode, vars, where

The following objects are masked from ‘package:purrr’:

    keep, modify, modify_if, when

The following objects are masked from ‘package:tidyr’:

    contains, nest

The following object is masked from ‘package:ggplot2’:

    vars


Attaching package: ‘gt’

The following objects are masked from ‘package:expss’:

    contains, gt, tab_caption, vars

Loading required package: ggpubr

Attaching package: ‘ggpubr’

The following object is masked from ‘package:expss’:

    compare_means


Attaching package: ‘survminer’

The following object is masked from ‘package:survival’:

    myeloma


Attaching package: ‘scales’

The following object is masked from ‘package:plotrix’:

    rescale

The following object is masked from ‘package:purrr’:

    discard

The following object is masked from ‘package:readr’:

    col_factor

gdata: read.xls support for 'XLS' (Excel 97-2004) files ENABLED.

gdata: read.xls support for 'XLSX' (Excel 2007+) files ENABLED.

Attaching package: ‘gdata’

The following object is masked from ‘package:expss’:

    keep

The following objects are masked from ‘package:maditr’:

    first, last

The following objects are masked from ‘package:dplyr’:

    combine, first, last

The following object is masked from ‘package:purrr’:

    keep

The following object is masked from ‘package:stats’:

    nobs

The following object is masked from ‘package:utils’:

    object.size

The following object is masked from ‘package:base’:

    startsWith

Registered S3 method overwritten by 'gplots':
  method         from 
  reorder.factor gdata

Attaching package: ‘gplots’

The following object is masked from ‘package:gdata’:

    reorder.factor

The following object is masked from ‘package:plotrix’:

    plotCI

The following object is masked from ‘package:stats’:

    lowess

Loading required package: R.oo
Loading required package: R.methodsS3
R.methodsS3 v1.8.2 (2022-06-13 22:00:14 UTC) successfully loaded. See ?R.methodsS3 for help.
R.oo v1.26.0 (2024-01-24 05:12:50 UTC) successfully loaded. See ?R.oo for help.

Attaching package: ‘R.oo’

The following object is masked from ‘package:R.methodsS3’:

    throw

The following objects are masked from ‘package:gdata’:

    ll, trim

The following object is masked from ‘package:expss’:

    equals

The following objects are masked from ‘package:methods’:

    getClasses, getMethods

The following objects are masked from ‘package:base’:

    attach, detach, load, save

R.utils v2.12.3 (2023-11-18 01:00:02 UTC) successfully loaded. See ?R.utils for help.

Attaching package: ‘R.utils’

The following objects are masked from ‘package:gdata’:

    env, resample

The following object is masked from ‘package:expss’:

    less

The following object is masked from ‘package:tidyr’:

    extract

The following object is masked from ‘package:utils’:

    timestamp

The following objects are masked from ‘package:base’:

    cat, commandArgs, getOption, isOpen, nullfile, parse, warnings

Saving 4 x 7 in image
Group done
rm: cannot remove '*': No such file or directory
── Attaching core tidyverse packages ──────────────────────── tidyverse 2.0.0 ──
✔ dplyr     1.1.0     ✔ purrr     1.0.1
✔ forcats   1.0.0     ✔ stringr   1.5.0
✔ ggplot2   3.4.1     ✔ tibble    3.1.8
✔ lubridate 1.9.2     ✔ tidyr     1.3.0
── Conflicts ────────────────────────────────────────── tidyverse_conflicts() ──
✖ dplyr::filter() masks stats::filter()
✖ dplyr::lag()    masks stats::lag()
ℹ Use the conflicted package (<http://conflicted.r-lib.org/>) to force all conflicts to become errors
Loading required package: maditr

To select rows from data: rows(mtcars, am==0)


Attaching package: ‘maditr’

The following objects are masked from ‘package:dplyr’:

    between, coalesce, first, last

The following object is masked from ‘package:purrr’:

    transpose

The following object is masked from ‘package:readr’:

    cols


Use 'expss_output_viewer()' to display tables in the RStudio Viewer.
 To return to the console output, use 'expss_output_default()'.


Attaching package: ‘expss’

The following objects are masked from ‘package:gtsummary’:

    contains, vars

The following objects are masked from ‘package:stringr’:

    fixed, regex

The following objects are masked from ‘package:dplyr’:

    compute, contains, na_if, recode, vars, where

The following objects are masked from ‘package:purrr’:

    keep, modify, modify_if, when

The following objects are masked from ‘package:tidyr’:

    contains, nest

The following object is masked from ‘package:ggplot2’:

    vars


Attaching package: ‘gt’

The following objects are masked from ‘package:expss’:

    contains, gt, tab_caption, vars

Loading required package: ggpubr

Attaching package: ‘ggpubr’

The following object is masked from ‘package:expss’:

    compare_means


Attaching package: ‘survminer’

The following object is masked from ‘package:survival’:

    myeloma


Attaching package: ‘scales’

The following object is masked from ‘package:plotrix’:

    rescale

The following object is masked from ‘package:purrr’:

    discard

The following object is masked from ‘package:readr’:

    col_factor

gdata: read.xls support for 'XLS' (Excel 97-2004) files ENABLED.

gdata: read.xls support for 'XLSX' (Excel 2007+) files ENABLED.

Attaching package: ‘gdata’

The following object is masked from ‘package:expss’:

    keep

The following objects are masked from ‘package:maditr’:

    first, last

The following objects are masked from ‘package:dplyr’:

    combine, first, last

The following object is masked from ‘package:purrr’:

    keep

The following object is masked from ‘package:stats’:

    nobs

The following object is masked from ‘package:utils’:

    object.size

The following object is masked from ‘package:base’:

    startsWith

Registered S3 method overwritten by 'gplots':
  method         from 
  reorder.factor gdata

Attaching package: ‘gplots’

The following object is masked from ‘package:gdata’:

    reorder.factor

The following object is masked from ‘package:plotrix’:

    plotCI

The following object is masked from ‘package:stats’:

    lowess

Loading required package: R.oo
Loading required package: R.methodsS3
R.methodsS3 v1.8.2 (2022-06-13 22:00:14 UTC) successfully loaded. See ?R.methodsS3 for help.
R.oo v1.26.0 (2024-01-24 05:12:50 UTC) successfully loaded. See ?R.oo for help.

Attaching package: ‘R.oo’

The following object is masked from ‘package:R.methodsS3’:

    throw

The following objects are masked from ‘package:gdata’:

    ll, trim

The following object is masked from ‘package:expss’:

    equals

The following objects are masked from ‘package:methods’:

    getClasses, getMethods

The following objects are masked from ‘package:base’:

    attach, detach, load, save

R.utils v2.12.3 (2023-11-18 01:00:02 UTC) successfully loaded. See ?R.utils for help.

Attaching package: ‘R.utils’

The following objects are masked from ‘package:gdata’:

    env, resample

The following object is masked from ‘package:expss’:

    less

The following object is masked from ‘package:tidyr’:

    extract

The following object is masked from ‘package:utils’:

    timestamp

The following objects are masked from ‘package:base’:

    cat, commandArgs, getOption, isOpen, nullfile, parse, warnings

Saving 4 x 7 in image
Group done
rm: cannot remove '*': No such file or directory
── Attaching core tidyverse packages ──────────────────────── tidyverse 2.0.0 ──
✔ dplyr     1.1.0     ✔ purrr     1.0.1
✔ forcats   1.0.0     ✔ stringr   1.5.0
✔ ggplot2   3.4.1     ✔ tibble    3.1.8
✔ lubridate 1.9.2     ✔ tidyr     1.3.0
── Conflicts ────────────────────────────────────────── tidyverse_conflicts() ──
✖ dplyr::filter() masks stats::filter()
✖ dplyr::lag()    masks stats::lag()
ℹ Use the conflicted package (<http://conflicted.r-lib.org/>) to force all conflicts to become errors
Loading required package: maditr

To select rows from data: rows(mtcars, am==0)


Attaching package: ‘maditr’

The following objects are masked from ‘package:dplyr’:

    between, coalesce, first, last

The following object is masked from ‘package:purrr’:

    transpose

The following object is masked from ‘package:readr’:

    cols


Attaching package: ‘expss’

The following objects are masked from ‘package:gtsummary’:

    contains, vars

The following objects are masked from ‘package:stringr’:

    fixed, regex

The following objects are masked from ‘package:dplyr’:

    compute, contains, na_if, recode, vars, where

The following objects are masked from ‘package:purrr’:

    keep, modify, modify_if, when

The following objects are masked from ‘package:tidyr’:

    contains, nest

The following object is masked from ‘package:ggplot2’:

    vars


Attaching package: ‘gt’

The following objects are masked from ‘package:expss’:

    contains, gt, tab_caption, vars

Loading required package: ggpubr

Attaching package: ‘ggpubr’

The following object is masked from ‘package:expss’:

    compare_means


Attaching package: ‘survminer’

The following object is masked from ‘package:survival’:

    myeloma


Attaching package: ‘scales’

The following object is masked from ‘package:plotrix’:

    rescale

The following object is masked from ‘package:purrr’:

    discard

The following object is masked from ‘package:readr’:

    col_factor

gdata: read.xls support for 'XLS' (Excel 97-2004) files ENABLED.

gdata: read.xls support for 'XLSX' (Excel 2007+) files ENABLED.

Attaching package: ‘gdata’

The following object is masked from ‘package:expss’:

    keep

The following objects are masked from ‘package:maditr’:

    first, last

The following objects are masked from ‘package:dplyr’:

    combine, first, last

The following object is masked from ‘package:purrr’:

    keep

The following object is masked from ‘package:stats’:

    nobs

The following object is masked from ‘package:utils’:

    object.size

The following object is masked from ‘package:base’:

    startsWith

Registered S3 method overwritten by 'gplots':
  method         from 
  reorder.factor gdata

Attaching package: ‘gplots’

The following object is masked from ‘package:gdata’:

    reorder.factor

The following object is masked from ‘package:plotrix’:

    plotCI

The following object is masked from ‘package:stats’:

    lowess

Loading required package: R.oo
Loading required package: R.methodsS3
R.methodsS3 v1.8.2 (2022-06-13 22:00:14 UTC) successfully loaded. See ?R.methodsS3 for help.
R.oo v1.26.0 (2024-01-24 05:12:50 UTC) successfully loaded. See ?R.oo for help.

Attaching package: ‘R.oo’

The following object is masked from ‘package:R.methodsS3’:

    throw

The following objects are masked from ‘package:gdata’:

    ll, trim

The following object is masked from ‘package:expss’:

    equals

The following objects are masked from ‘package:methods’:

    getClasses, getMethods

The following objects are masked from ‘package:base’:

    attach, detach, load, save

R.utils v2.12.3 (2023-11-18 01:00:02 UTC) successfully loaded. See ?R.utils for help.

Attaching package: ‘R.utils’

The following objects are masked from ‘package:gdata’:

    env, resample

The following object is masked from ‘package:expss’:

    less

The following object is masked from ‘package:tidyr’:

    extract

The following object is masked from ‘package:utils’:

    timestamp

The following objects are masked from ‘package:base’:

    cat, commandArgs, getOption, isOpen, nullfile, parse, warnings

Saving 4 x 7 in image
Group done
rm: cannot remove '*': No such file or directory
── Attaching core tidyverse packages ──────────────────────── tidyverse 2.0.0 ──
✔ dplyr     1.1.0     ✔ purrr     1.0.1
✔ forcats   1.0.0     ✔ stringr   1.5.0
✔ ggplot2   3.4.1     ✔ tibble    3.1.8
✔ lubridate 1.9.2     ✔ tidyr     1.3.0
── Conflicts ────────────────────────────────────────── tidyverse_conflicts() ──
✖ dplyr::filter() masks stats::filter()
✖ dplyr::lag()    masks stats::lag()
ℹ Use the conflicted package (<http://conflicted.r-lib.org/>) to force all conflicts to become errors
Loading required package: maditr

To get total summary skip 'by' argument: take_all(mtcars, mean)


Attaching package: ‘maditr’

The following objects are masked from ‘package:dplyr’:

    between, coalesce, first, last

The following object is masked from ‘package:purrr’:

    transpose

The following object is masked from ‘package:readr’:

    cols


Use 'expss_output_viewer()' to display tables in the RStudio Viewer.
 To return to the console output, use 'expss_output_default()'.


Attaching package: ‘expss’

The following objects are masked from ‘package:gtsummary’:

    contains, vars

The following objects are masked from ‘package:stringr’:

    fixed, regex

The following objects are masked from ‘package:dplyr’:

    compute, contains, na_if, recode, vars, where

The following objects are masked from ‘package:purrr’:

    keep, modify, modify_if, when

The following objects are masked from ‘package:tidyr’:

    contains, nest

The following object is masked from ‘package:ggplot2’:

    vars


Attaching package: ‘gt’

The following objects are masked from ‘package:expss’:

    contains, gt, tab_caption, vars

Loading required package: ggpubr

Attaching package: ‘ggpubr’

The following object is masked from ‘package:expss’:

    compare_means


Attaching package: ‘survminer’

The following object is masked from ‘package:survival’:

    myeloma


Attaching package: ‘scales’

The following object is masked from ‘package:plotrix’:

    rescale

The following object is masked from ‘package:purrr’:

    discard

The following object is masked from ‘package:readr’:

    col_factor

gdata: read.xls support for 'XLS' (Excel 97-2004) files ENABLED.

gdata: read.xls support for 'XLSX' (Excel 2007+) files ENABLED.

Attaching package: ‘gdata’

The following object is masked from ‘package:expss’:

    keep

The following objects are masked from ‘package:maditr’:

    first, last

The following objects are masked from ‘package:dplyr’:

    combine, first, last

The following object is masked from ‘package:purrr’:

    keep

The following object is masked from ‘package:stats’:

    nobs

The following object is masked from ‘package:utils’:

    object.size

The following object is masked from ‘package:base’:

    startsWith

Registered S3 method overwritten by 'gplots':
  method         from 
  reorder.factor gdata

Attaching package: ‘gplots’

The following object is masked from ‘package:gdata’:

    reorder.factor

The following object is masked from ‘package:plotrix’:

    plotCI

The following object is masked from ‘package:stats’:

    lowess

Loading required package: R.oo
Loading required package: R.methodsS3
R.methodsS3 v1.8.2 (2022-06-13 22:00:14 UTC) successfully loaded. See ?R.methodsS3 for help.
R.oo v1.26.0 (2024-01-24 05:12:50 UTC) successfully loaded. See ?R.oo for help.

Attaching package: ‘R.oo’

The following object is masked from ‘package:R.methodsS3’:

    throw

The following objects are masked from ‘package:gdata’:

    ll, trim

The following object is masked from ‘package:expss’:

    equals

The following objects are masked from ‘package:methods’:

    getClasses, getMethods

The following objects are masked from ‘package:base’:

    attach, detach, load, save

R.utils v2.12.3 (2023-11-18 01:00:02 UTC) successfully loaded. See ?R.utils for help.

Attaching package: ‘R.utils’

The following objects are masked from ‘package:gdata’:

    env, resample

The following object is masked from ‘package:expss’:

    less

The following object is masked from ‘package:tidyr’:

    extract

The following object is masked from ‘package:utils’:

    timestamp

The following objects are masked from ‘package:base’:

    cat, commandArgs, getOption, isOpen, nullfile, parse, warnings

Saving 4 x 7 in image
Group done
rm: cannot remove '*': No such file or directory
── Attaching core tidyverse packages ──────────────────────── tidyverse 2.0.0 ──
✔ dplyr     1.1.0     ✔ purrr     1.0.1
✔ forcats   1.0.0     ✔ stringr   1.5.0
✔ ggplot2   3.4.1     ✔ tibble    3.1.8
✔ lubridate 1.9.2     ✔ tidyr     1.3.0
── Conflicts ────────────────────────────────────────── tidyverse_conflicts() ──
✖ dplyr::filter() masks stats::filter()
✖ dplyr::lag()    masks stats::lag()
ℹ Use the conflicted package (<http://conflicted.r-lib.org/>) to force all conflicts to become errors
#BlackLivesMatter
Loading required package: maditr

To drop variable use NULL: let(mtcars, am = NULL) %>% head()


Attaching package: ‘maditr’

The following objects are masked from ‘package:dplyr’:

    between, coalesce, first, last

The following object is masked from ‘package:purrr’:

    transpose

The following object is masked from ‘package:readr’:

    cols


Use 'expss_output_viewer()' to display tables in the RStudio Viewer.
 To return to the console output, use 'expss_output_default()'.


Attaching package: ‘expss’

The following objects are masked from ‘package:gtsummary’:

    contains, vars

The following objects are masked from ‘package:stringr’:

    fixed, regex

The following objects are masked from ‘package:dplyr’:

    compute, contains, na_if, recode, vars, where

The following objects are masked from ‘package:purrr’:

    keep, modify, modify_if, when

The following objects are masked from ‘package:tidyr’:

    contains, nest

The following object is masked from ‘package:ggplot2’:

    vars


Attaching package: ‘gt’

The following objects are masked from ‘package:expss’:

    contains, gt, tab_caption, vars

Loading required package: ggpubr

Attaching package: ‘ggpubr’

The following object is masked from ‘package:expss’:

    compare_means


Attaching package: ‘survminer’

The following object is masked from ‘package:survival’:

    myeloma


Attaching package: ‘scales’

The following object is masked from ‘package:plotrix’:

    rescale

The following object is masked from ‘package:purrr’:

    discard

The following object is masked from ‘package:readr’:

    col_factor

gdata: read.xls support for 'XLS' (Excel 97-2004) files ENABLED.

gdata: read.xls support for 'XLSX' (Excel 2007+) files ENABLED.

Attaching package: ‘gdata’

The following object is masked from ‘package:expss’:

    keep

The following objects are masked from ‘package:maditr’:

    first, last

The following objects are masked from ‘package:dplyr’:

    combine, first, last

The following object is masked from ‘package:purrr’:

    keep

The following object is masked from ‘package:stats’:

    nobs

The following object is masked from ‘package:utils’:

    object.size

The following object is masked from ‘package:base’:

    startsWith

Registered S3 method overwritten by 'gplots':
  method         from 
  reorder.factor gdata

Attaching package: ‘gplots’

The following object is masked from ‘package:gdata’:

    reorder.factor

The following object is masked from ‘package:plotrix’:

    plotCI

The following object is masked from ‘package:stats’:

    lowess

Loading required package: R.oo
Loading required package: R.methodsS3
R.methodsS3 v1.8.2 (2022-06-13 22:00:14 UTC) successfully loaded. See ?R.methodsS3 for help.
R.oo v1.26.0 (2024-01-24 05:12:50 UTC) successfully loaded. See ?R.oo for help.

Attaching package: ‘R.oo’

The following object is masked from ‘package:R.methodsS3’:

    throw

The following objects are masked from ‘package:gdata’:

    ll, trim

The following object is masked from ‘package:expss’:

    equals

The following objects are masked from ‘package:methods’:

    getClasses, getMethods

The following objects are masked from ‘package:base’:

    attach, detach, load, save

R.utils v2.12.3 (2023-11-18 01:00:02 UTC) successfully loaded. See ?R.utils for help.

Attaching package: ‘R.utils’

The following objects are masked from ‘package:gdata’:

    env, resample

The following object is masked from ‘package:expss’:

    less

The following object is masked from ‘package:tidyr’:

    extract

The following object is masked from ‘package:utils’:

    timestamp

The following objects are masked from ‘package:base’:

    cat, commandArgs, getOption, isOpen, nullfile, parse, warnings

Saving 4 x 7 in image
Group done
rm: cannot remove '*': No such file or directory
── Attaching core tidyverse packages ──────────────────────── tidyverse 2.0.0 ──
✔ dplyr     1.1.0     ✔ purrr     1.0.1
✔ forcats   1.0.0     ✔ stringr   1.5.0
✔ ggplot2   3.4.1     ✔ tibble    3.1.8
✔ lubridate 1.9.2     ✔ tidyr     1.3.0
── Conflicts ────────────────────────────────────────── tidyverse_conflicts() ──
✖ dplyr::filter() masks stats::filter()
✖ dplyr::lag()    masks stats::lag()
ℹ Use the conflicted package (<http://conflicted.r-lib.org/>) to force all conflicts to become errors
Loading required package: maditr

To select rows from data: rows(mtcars, am==0)


Attaching package: ‘maditr’

The following objects are masked from ‘package:dplyr’:

    between, coalesce, first, last

The following object is masked from ‘package:purrr’:

    transpose

The following object is masked from ‘package:readr’:

    cols


Attaching package: ‘expss’

The following objects are masked from ‘package:gtsummary’:

    contains, vars

The following objects are masked from ‘package:stringr’:

    fixed, regex

The following objects are masked from ‘package:dplyr’:

    compute, contains, na_if, recode, vars, where

The following objects are masked from ‘package:purrr’:

    keep, modify, modify_if, when

The following objects are masked from ‘package:tidyr’:

    contains, nest

The following object is masked from ‘package:ggplot2’:

    vars


Attaching package: ‘gt’

The following objects are masked from ‘package:expss’:

    contains, gt, tab_caption, vars

Loading required package: ggpubr

Attaching package: ‘ggpubr’

The following object is masked from ‘package:expss’:

    compare_means


Attaching package: ‘survminer’

The following object is masked from ‘package:survival’:

    myeloma


Attaching package: ‘scales’

The following object is masked from ‘package:plotrix’:

    rescale

The following object is masked from ‘package:purrr’:

    discard

The following object is masked from ‘package:readr’:

    col_factor

gdata: read.xls support for 'XLS' (Excel 97-2004) files ENABLED.

gdata: read.xls support for 'XLSX' (Excel 2007+) files ENABLED.

Attaching package: ‘gdata’

The following object is masked from ‘package:expss’:

    keep

The following objects are masked from ‘package:maditr’:

    first, last

The following objects are masked from ‘package:dplyr’:

    combine, first, last

The following object is masked from ‘package:purrr’:

    keep

The following object is masked from ‘package:stats’:

    nobs

The following object is masked from ‘package:utils’:

    object.size

The following object is masked from ‘package:base’:

    startsWith

Registered S3 method overwritten by 'gplots':
  method         from 
  reorder.factor gdata

Attaching package: ‘gplots’

The following object is masked from ‘package:gdata’:

    reorder.factor

The following object is masked from ‘package:plotrix’:

    plotCI

The following object is masked from ‘package:stats’:

    lowess

Loading required package: R.oo
Loading required package: R.methodsS3
R.methodsS3 v1.8.2 (2022-06-13 22:00:14 UTC) successfully loaded. See ?R.methodsS3 for help.
R.oo v1.26.0 (2024-01-24 05:12:50 UTC) successfully loaded. See ?R.oo for help.

Attaching package: ‘R.oo’

The following object is masked from ‘package:R.methodsS3’:

    throw

The following objects are masked from ‘package:gdata’:

    ll, trim

The following object is masked from ‘package:expss’:

    equals

The following objects are masked from ‘package:methods’:

    getClasses, getMethods

The following objects are masked from ‘package:base’:

    attach, detach, load, save

R.utils v2.12.3 (2023-11-18 01:00:02 UTC) successfully loaded. See ?R.utils for help.

Attaching package: ‘R.utils’

The following objects are masked from ‘package:gdata’:

    env, resample

The following object is masked from ‘package:expss’:

    less

The following object is masked from ‘package:tidyr’:

    extract

The following object is masked from ‘package:utils’:

    timestamp

The following objects are masked from ‘package:base’:

    cat, commandArgs, getOption, isOpen, nullfile, parse, warnings

Saving 4 x 7 in image
Group done
rm: cannot remove '*': No such file or directory
── Attaching core tidyverse packages ──────────────────────── tidyverse 2.0.0 ──
✔ dplyr     1.1.0     ✔ purrr     1.0.1
✔ forcats   1.0.0     ✔ stringr   1.5.0
✔ ggplot2   3.4.1     ✔ tibble    3.1.8
✔ lubridate 1.9.2     ✔ tidyr     1.3.0
── Conflicts ────────────────────────────────────────── tidyverse_conflicts() ──
✖ dplyr::filter() masks stats::filter()
✖ dplyr::lag()    masks stats::lag()
ℹ Use the conflicted package (<http://conflicted.r-lib.org/>) to force all conflicts to become errors
Loading required package: maditr

To get total summary skip 'by' argument: take_all(mtcars, mean)


Attaching package: ‘maditr’

The following objects are masked from ‘package:dplyr’:

    between, coalesce, first, last

The following object is masked from ‘package:purrr’:

    transpose

The following object is masked from ‘package:readr’:

    cols


Attaching package: ‘expss’

The following objects are masked from ‘package:gtsummary’:

    contains, vars

The following objects are masked from ‘package:stringr’:

    fixed, regex

The following objects are masked from ‘package:dplyr’:

    compute, contains, na_if, recode, vars, where

The following objects are masked from ‘package:purrr’:

    keep, modify, modify_if, when

The following objects are masked from ‘package:tidyr’:

    contains, nest

The following object is masked from ‘package:ggplot2’:

    vars


Attaching package: ‘gt’

The following objects are masked from ‘package:expss’:

    contains, gt, tab_caption, vars

Loading required package: ggpubr

Attaching package: ‘ggpubr’

The following object is masked from ‘package:expss’:

    compare_means


Attaching package: ‘survminer’

The following object is masked from ‘package:survival’:

    myeloma


Attaching package: ‘scales’

The following object is masked from ‘package:plotrix’:

    rescale

The following object is masked from ‘package:purrr’:

    discard

The following object is masked from ‘package:readr’:

    col_factor

gdata: read.xls support for 'XLS' (Excel 97-2004) files ENABLED.

gdata: read.xls support for 'XLSX' (Excel 2007+) files ENABLED.

Attaching package: ‘gdata’

The following object is masked from ‘package:expss’:

    keep

The following objects are masked from ‘package:maditr’:

    first, last

The following objects are masked from ‘package:dplyr’:

    combine, first, last

The following object is masked from ‘package:purrr’:

    keep

The following object is masked from ‘package:stats’:

    nobs

The following object is masked from ‘package:utils’:

    object.size

The following object is masked from ‘package:base’:

    startsWith

Registered S3 method overwritten by 'gplots':
  method         from 
  reorder.factor gdata

Attaching package: ‘gplots’

The following object is masked from ‘package:gdata’:

    reorder.factor

The following object is masked from ‘package:plotrix’:

    plotCI

The following object is masked from ‘package:stats’:

    lowess

Loading required package: R.oo
Loading required package: R.methodsS3
R.methodsS3 v1.8.2 (2022-06-13 22:00:14 UTC) successfully loaded. See ?R.methodsS3 for help.
R.oo v1.26.0 (2024-01-24 05:12:50 UTC) successfully loaded. See ?R.oo for help.

Attaching package: ‘R.oo’

The following object is masked from ‘package:R.methodsS3’:

    throw

The following objects are masked from ‘package:gdata’:

    ll, trim

The following object is masked from ‘package:expss’:

    equals

The following objects are masked from ‘package:methods’:

    getClasses, getMethods

The following objects are masked from ‘package:base’:

    attach, detach, load, save

R.utils v2.12.3 (2023-11-18 01:00:02 UTC) successfully loaded. See ?R.utils for help.

Attaching package: ‘R.utils’

The following objects are masked from ‘package:gdata’:

    env, resample

The following object is masked from ‘package:expss’:

    less

The following object is masked from ‘package:tidyr’:

    extract

The following object is masked from ‘package:utils’:

    timestamp

The following objects are masked from ‘package:base’:

    cat, commandArgs, getOption, isOpen, nullfile, parse, warnings

Saving 4 x 7 in image
Group done
rm: cannot remove '*': No such file or directory
── Attaching core tidyverse packages ──────────────────────── tidyverse 2.0.0 ──
✔ dplyr     1.1.0     ✔ purrr     1.0.1
✔ forcats   1.0.0     ✔ stringr   1.5.0
✔ ggplot2   3.4.1     ✔ tibble    3.1.8
✔ lubridate 1.9.2     ✔ tidyr     1.3.0
── Conflicts ────────────────────────────────────────── tidyverse_conflicts() ──
✖ dplyr::filter() masks stats::filter()
✖ dplyr::lag()    masks stats::lag()
ℹ Use the conflicted package (<http://conflicted.r-lib.org/>) to force all conflicts to become errors
Loading required package: maditr

To modify variables or add new variables:
             let(mtcars, new_var = 42, new_var2 = new_var*hp) %>% head()


Attaching package: ‘maditr’

The following objects are masked from ‘package:dplyr’:

    between, coalesce, first, last

The following object is masked from ‘package:purrr’:

    transpose

The following object is masked from ‘package:readr’:

    cols


Attaching package: ‘expss’

The following objects are masked from ‘package:gtsummary’:

    contains, vars

The following objects are masked from ‘package:stringr’:

    fixed, regex

The following objects are masked from ‘package:dplyr’:

    compute, contains, na_if, recode, vars, where

The following objects are masked from ‘package:purrr’:

    keep, modify, modify_if, when

The following objects are masked from ‘package:tidyr’:

    contains, nest

The following object is masked from ‘package:ggplot2’:

    vars


Attaching package: ‘gt’

The following objects are masked from ‘package:expss’:

    contains, gt, tab_caption, vars

Loading required package: ggpubr

Attaching package: ‘ggpubr’

The following object is masked from ‘package:expss’:

    compare_means


Attaching package: ‘survminer’

The following object is masked from ‘package:survival’:

    myeloma


Attaching package: ‘scales’

The following object is masked from ‘package:plotrix’:

    rescale

The following object is masked from ‘package:purrr’:

    discard

The following object is masked from ‘package:readr’:

    col_factor

gdata: read.xls support for 'XLS' (Excel 97-2004) files ENABLED.

gdata: read.xls support for 'XLSX' (Excel 2007+) files ENABLED.

Attaching package: ‘gdata’

The following object is masked from ‘package:expss’:

    keep

The following objects are masked from ‘package:maditr’:

    first, last

The following objects are masked from ‘package:dplyr’:

    combine, first, last

The following object is masked from ‘package:purrr’:

    keep

The following object is masked from ‘package:stats’:

    nobs

The following object is masked from ‘package:utils’:

    object.size

The following object is masked from ‘package:base’:

    startsWith

Registered S3 method overwritten by 'gplots':
  method         from 
  reorder.factor gdata

Attaching package: ‘gplots’

The following object is masked from ‘package:gdata’:

    reorder.factor

The following object is masked from ‘package:plotrix’:

    plotCI

The following object is masked from ‘package:stats’:

    lowess

Loading required package: R.oo
Loading required package: R.methodsS3
R.methodsS3 v1.8.2 (2022-06-13 22:00:14 UTC) successfully loaded. See ?R.methodsS3 for help.
R.oo v1.26.0 (2024-01-24 05:12:50 UTC) successfully loaded. See ?R.oo for help.

Attaching package: ‘R.oo’

The following object is masked from ‘package:R.methodsS3’:

    throw

The following objects are masked from ‘package:gdata’:

    ll, trim

The following object is masked from ‘package:expss’:

    equals

The following objects are masked from ‘package:methods’:

    getClasses, getMethods

The following objects are masked from ‘package:base’:

    attach, detach, load, save

R.utils v2.12.3 (2023-11-18 01:00:02 UTC) successfully loaded. See ?R.utils for help.

Attaching package: ‘R.utils’

The following objects are masked from ‘package:gdata’:

    env, resample

The following object is masked from ‘package:expss’:

    less

The following object is masked from ‘package:tidyr’:

    extract

The following object is masked from ‘package:utils’:

    timestamp

The following objects are masked from ‘package:base’:

    cat, commandArgs, getOption, isOpen, nullfile, parse, warnings

Saving 4 x 7 in image
Group done
rm: cannot remove '*': No such file or directory
── Attaching core tidyverse packages ──────────────────────── tidyverse 2.0.0 ──
✔ dplyr     1.1.0     ✔ purrr     1.0.1
✔ forcats   1.0.0     ✔ stringr   1.5.0
✔ ggplot2   3.4.1     ✔ tibble    3.1.8
✔ lubridate 1.9.2     ✔ tidyr     1.3.0
── Conflicts ────────────────────────────────────────── tidyverse_conflicts() ──
✖ dplyr::filter() masks stats::filter()
✖ dplyr::lag()    masks stats::lag()
ℹ Use the conflicted package (<http://conflicted.r-lib.org/>) to force all conflicts to become errors
Loading required package: maditr

To drop variable use NULL: let(mtcars, am = NULL) %>% head()


Attaching package: ‘maditr’

The following objects are masked from ‘package:dplyr’:

    between, coalesce, first, last

The following object is masked from ‘package:purrr’:

    transpose

The following object is masked from ‘package:readr’:

    cols


Attaching package: ‘expss’

The following objects are masked from ‘package:gtsummary’:

    contains, vars

The following objects are masked from ‘package:stringr’:

    fixed, regex

The following objects are masked from ‘package:dplyr’:

    compute, contains, na_if, recode, vars, where

The following objects are masked from ‘package:purrr’:

    keep, modify, modify_if, when

The following objects are masked from ‘package:tidyr’:

    contains, nest

The following object is masked from ‘package:ggplot2’:

    vars


Attaching package: ‘gt’

The following objects are masked from ‘package:expss’:

    contains, gt, tab_caption, vars

Loading required package: ggpubr

Attaching package: ‘ggpubr’

The following object is masked from ‘package:expss’:

    compare_means


Attaching package: ‘survminer’

The following object is masked from ‘package:survival’:

    myeloma


Attaching package: ‘scales’

The following object is masked from ‘package:plotrix’:

    rescale

The following object is masked from ‘package:purrr’:

    discard

The following object is masked from ‘package:readr’:

    col_factor

gdata: read.xls support for 'XLS' (Excel 97-2004) files ENABLED.

gdata: read.xls support for 'XLSX' (Excel 2007+) files ENABLED.

Attaching package: ‘gdata’

The following object is masked from ‘package:expss’:

    keep

The following objects are masked from ‘package:maditr’:

    first, last

The following objects are masked from ‘package:dplyr’:

    combine, first, last

The following object is masked from ‘package:purrr’:

    keep

The following object is masked from ‘package:stats’:

    nobs

The following object is masked from ‘package:utils’:

    object.size

The following object is masked from ‘package:base’:

    startsWith

Registered S3 method overwritten by 'gplots':
  method         from 
  reorder.factor gdata

Attaching package: ‘gplots’

The following object is masked from ‘package:gdata’:

    reorder.factor

The following object is masked from ‘package:plotrix’:

    plotCI

The following object is masked from ‘package:stats’:

    lowess

Loading required package: R.oo
Loading required package: R.methodsS3
R.methodsS3 v1.8.2 (2022-06-13 22:00:14 UTC) successfully loaded. See ?R.methodsS3 for help.
R.oo v1.26.0 (2024-01-24 05:12:50 UTC) successfully loaded. See ?R.oo for help.

Attaching package: ‘R.oo’

The following object is masked from ‘package:R.methodsS3’:

    throw

The following objects are masked from ‘package:gdata’:

    ll, trim

The following object is masked from ‘package:expss’:

    equals

The following objects are masked from ‘package:methods’:

    getClasses, getMethods

The following objects are masked from ‘package:base’:

    attach, detach, load, save

R.utils v2.12.3 (2023-11-18 01:00:02 UTC) successfully loaded. See ?R.utils for help.

Attaching package: ‘R.utils’

The following objects are masked from ‘package:gdata’:

    env, resample

The following object is masked from ‘package:expss’:

    less

The following object is masked from ‘package:tidyr’:

    extract

The following object is masked from ‘package:utils’:

    timestamp

The following objects are masked from ‘package:base’:

    cat, commandArgs, getOption, isOpen, nullfile, parse, warnings

Saving 4 x 7 in image
Group done
mkdir: cannot create directory ‘Deaths1_22’: File exists
── Attaching core tidyverse packages ──────────────────────── tidyverse 2.0.0 ──
✔ dplyr     1.1.0     ✔ purrr     1.0.1
✔ forcats   1.0.0     ✔ stringr   1.5.0
✔ ggplot2   3.4.1     ✔ tibble    3.1.8
✔ lubridate 1.9.2     ✔ tidyr     1.3.0
── Conflicts ────────────────────────────────────────── tidyverse_conflicts() ──
✖ dplyr::filter() masks stats::filter()
✖ dplyr::lag()    masks stats::lag()
ℹ Use the conflicted package (<http://conflicted.r-lib.org/>) to force all conflicts to become errors
Loading required package: maditr

To select rows from data: rows(mtcars, am==0)


Attaching package: ‘maditr’

The following objects are masked from ‘package:dplyr’:

    between, coalesce, first, last

The following object is masked from ‘package:purrr’:

    transpose

The following object is masked from ‘package:readr’:

    cols


Use 'expss_output_viewer()' to display tables in the RStudio Viewer.
 To return to the console output, use 'expss_output_default()'.


Attaching package: ‘expss’

The following objects are masked from ‘package:gtsummary’:

    contains, vars

The following objects are masked from ‘package:stringr’:

    fixed, regex

The following objects are masked from ‘package:dplyr’:

    compute, contains, na_if, recode, vars, where

The following objects are masked from ‘package:purrr’:

    keep, modify, modify_if, when

The following objects are masked from ‘package:tidyr’:

    contains, nest

The following object is masked from ‘package:ggplot2’:

    vars


Attaching package: ‘gt’

The following objects are masked from ‘package:expss’:

    contains, gt, tab_caption, vars

Loading required package: ggpubr

Attaching package: ‘ggpubr’

The following object is masked from ‘package:expss’:

    compare_means


Attaching package: ‘survminer’

The following object is masked from ‘package:survival’:

    myeloma


Attaching package: ‘scales’

The following object is masked from ‘package:plotrix’:

    rescale

The following object is masked from ‘package:purrr’:

    discard

The following object is masked from ‘package:readr’:

    col_factor

gdata: read.xls support for 'XLS' (Excel 97-2004) files ENABLED.

gdata: read.xls support for 'XLSX' (Excel 2007+) files ENABLED.

Attaching package: ‘gdata’

The following object is masked from ‘package:expss’:

    keep

The following objects are masked from ‘package:maditr’:

    first, last

The following objects are masked from ‘package:dplyr’:

    combine, first, last

The following object is masked from ‘package:purrr’:

    keep

The following object is masked from ‘package:stats’:

    nobs

The following object is masked from ‘package:utils’:

    object.size

The following object is masked from ‘package:base’:

    startsWith

Registered S3 method overwritten by 'gplots':
  method         from 
  reorder.factor gdata

Attaching package: ‘gplots’

The following object is masked from ‘package:gdata’:

    reorder.factor

The following object is masked from ‘package:plotrix’:

    plotCI

The following object is masked from ‘package:stats’:

    lowess

Loading required package: R.oo
Loading required package: R.methodsS3
R.methodsS3 v1.8.2 (2022-06-13 22:00:14 UTC) successfully loaded. See ?R.methodsS3 for help.
R.oo v1.26.0 (2024-01-24 05:12:50 UTC) successfully loaded. See ?R.oo for help.

Attaching package: ‘R.oo’

The following object is masked from ‘package:R.methodsS3’:

    throw

The following objects are masked from ‘package:gdata’:

    ll, trim

The following object is masked from ‘package:expss’:

    equals

The following objects are masked from ‘package:methods’:

    getClasses, getMethods

The following objects are masked from ‘package:base’:

    attach, detach, load, save

R.utils v2.12.3 (2023-11-18 01:00:02 UTC) successfully loaded. See ?R.utils for help.

Attaching package: ‘R.utils’

The following objects are masked from ‘package:gdata’:

    env, resample

The following object is masked from ‘package:expss’:

    less

The following object is masked from ‘package:tidyr’:

    extract

The following object is masked from ‘package:utils’:

    timestamp

The following objects are masked from ‘package:base’:

    cat, commandArgs, getOption, isOpen, nullfile, parse, warnings

Saving 4 x 7 in image
Group done
mkdir: cannot create directory ‘Deaths2_22’: File exists
── Attaching core tidyverse packages ──────────────────────── tidyverse 2.0.0 ──
✔ dplyr     1.1.0     ✔ purrr     1.0.1
✔ forcats   1.0.0     ✔ stringr   1.5.0
✔ ggplot2   3.4.1     ✔ tibble    3.1.8
✔ lubridate 1.9.2     ✔ tidyr     1.3.0
── Conflicts ────────────────────────────────────────── tidyverse_conflicts() ──
✖ dplyr::filter() masks stats::filter()
✖ dplyr::lag()    masks stats::lag()
ℹ Use the conflicted package (<http://conflicted.r-lib.org/>) to force all conflicts to become errors
Loading required package: maditr

To select columns from data: columns(mtcars, mpg, vs:carb)


Attaching package: ‘maditr’

The following objects are masked from ‘package:dplyr’:

    between, coalesce, first, last

The following object is masked from ‘package:purrr’:

    transpose

The following object is masked from ‘package:readr’:

    cols


Use 'expss_output_rnotebook()' to display tables inside R Notebooks.
 To return to the console output, use 'expss_output_default()'.


Attaching package: ‘expss’

The following objects are masked from ‘package:gtsummary’:

    contains, vars

The following objects are masked from ‘package:stringr’:

    fixed, regex

The following objects are masked from ‘package:dplyr’:

    compute, contains, na_if, recode, vars, where

The following objects are masked from ‘package:purrr’:

    keep, modify, modify_if, when

The following objects are masked from ‘package:tidyr’:

    contains, nest

The following object is masked from ‘package:ggplot2’:

    vars


Attaching package: ‘gt’

The following objects are masked from ‘package:expss’:

    contains, gt, tab_caption, vars

Loading required package: ggpubr

Attaching package: ‘ggpubr’

The following object is masked from ‘package:expss’:

    compare_means


Attaching package: ‘survminer’

The following object is masked from ‘package:survival’:

    myeloma


Attaching package: ‘scales’

The following object is masked from ‘package:plotrix’:

    rescale

The following object is masked from ‘package:purrr’:

    discard

The following object is masked from ‘package:readr’:

    col_factor

gdata: read.xls support for 'XLS' (Excel 97-2004) files ENABLED.

gdata: read.xls support for 'XLSX' (Excel 2007+) files ENABLED.

Attaching package: ‘gdata’

The following object is masked from ‘package:expss’:

    keep

The following objects are masked from ‘package:maditr’:

    first, last

The following objects are masked from ‘package:dplyr’:

    combine, first, last

The following object is masked from ‘package:purrr’:

    keep

The following object is masked from ‘package:stats’:

    nobs

The following object is masked from ‘package:utils’:

    object.size

The following object is masked from ‘package:base’:

    startsWith

Registered S3 method overwritten by 'gplots':
  method         from 
  reorder.factor gdata

Attaching package: ‘gplots’

The following object is masked from ‘package:gdata’:

    reorder.factor

The following object is masked from ‘package:plotrix’:

    plotCI

The following object is masked from ‘package:stats’:

    lowess

Loading required package: R.oo
Loading required package: R.methodsS3
R.methodsS3 v1.8.2 (2022-06-13 22:00:14 UTC) successfully loaded. See ?R.methodsS3 for help.
R.oo v1.26.0 (2024-01-24 05:12:50 UTC) successfully loaded. See ?R.oo for help.

Attaching package: ‘R.oo’

The following object is masked from ‘package:R.methodsS3’:

    throw

The following objects are masked from ‘package:gdata’:

    ll, trim

The following object is masked from ‘package:expss’:

    equals

The following objects are masked from ‘package:methods’:

    getClasses, getMethods

The following objects are masked from ‘package:base’:

    attach, detach, load, save

R.utils v2.12.3 (2023-11-18 01:00:02 UTC) successfully loaded. See ?R.utils for help.

Attaching package: ‘R.utils’

The following objects are masked from ‘package:gdata’:

    env, resample

The following object is masked from ‘package:expss’:

    less

The following object is masked from ‘package:tidyr’:

    extract

The following object is masked from ‘package:utils’:

    timestamp

The following objects are masked from ‘package:base’:

    cat, commandArgs, getOption, isOpen, nullfile, parse, warnings

Saving 4 x 7 in image
Group done
mkdir: cannot create directory ‘Deaths3_22’: File exists
── Attaching core tidyverse packages ──────────────────────── tidyverse 2.0.0 ──
✔ dplyr     1.1.0     ✔ purrr     1.0.1
✔ forcats   1.0.0     ✔ stringr   1.5.0
✔ ggplot2   3.4.1     ✔ tibble    3.1.8
✔ lubridate 1.9.2     ✔ tidyr     1.3.0
── Conflicts ────────────────────────────────────────── tidyverse_conflicts() ──
✖ dplyr::filter() masks stats::filter()
✖ dplyr::lag()    masks stats::lag()
ℹ Use the conflicted package (<http://conflicted.r-lib.org/>) to force all conflicts to become errors
#BlackLivesMatter
Loading required package: maditr

To aggregate all non-grouping columns: take_all(mtcars, mean, by = am)


Attaching package: ‘maditr’

The following objects are masked from ‘package:dplyr’:

    between, coalesce, first, last

The following object is masked from ‘package:purrr’:

    transpose

The following object is masked from ‘package:readr’:

    cols


Attaching package: ‘expss’

The following objects are masked from ‘package:gtsummary’:

    contains, vars

The following objects are masked from ‘package:stringr’:

    fixed, regex

The following objects are masked from ‘package:dplyr’:

    compute, contains, na_if, recode, vars, where

The following objects are masked from ‘package:purrr’:

    keep, modify, modify_if, when

The following objects are masked from ‘package:tidyr’:

    contains, nest

The following object is masked from ‘package:ggplot2’:

    vars


Attaching package: ‘gt’

The following objects are masked from ‘package:expss’:

    contains, gt, tab_caption, vars

Loading required package: ggpubr

Attaching package: ‘ggpubr’

The following object is masked from ‘package:expss’:

    compare_means


Attaching package: ‘survminer’

The following object is masked from ‘package:survival’:

    myeloma


Attaching package: ‘scales’

The following object is masked from ‘package:plotrix’:

    rescale

The following object is masked from ‘package:purrr’:

    discard

The following object is masked from ‘package:readr’:

    col_factor

gdata: read.xls support for 'XLS' (Excel 97-2004) files ENABLED.

gdata: read.xls support for 'XLSX' (Excel 2007+) files ENABLED.

Attaching package: ‘gdata’

The following object is masked from ‘package:expss’:

    keep

The following objects are masked from ‘package:maditr’:

    first, last

The following objects are masked from ‘package:dplyr’:

    combine, first, last

The following object is masked from ‘package:purrr’:

    keep

The following object is masked from ‘package:stats’:

    nobs

The following object is masked from ‘package:utils’:

    object.size

The following object is masked from ‘package:base’:

    startsWith

Registered S3 method overwritten by 'gplots':
  method         from 
  reorder.factor gdata

Attaching package: ‘gplots’

The following object is masked from ‘package:gdata’:

    reorder.factor

The following object is masked from ‘package:plotrix’:

    plotCI

The following object is masked from ‘package:stats’:

    lowess

Loading required package: R.oo
Loading required package: R.methodsS3
R.methodsS3 v1.8.2 (2022-06-13 22:00:14 UTC) successfully loaded. See ?R.methodsS3 for help.
R.oo v1.26.0 (2024-01-24 05:12:50 UTC) successfully loaded. See ?R.oo for help.

Attaching package: ‘R.oo’

The following object is masked from ‘package:R.methodsS3’:

    throw

The following objects are masked from ‘package:gdata’:

    ll, trim

The following object is masked from ‘package:expss’:

    equals

The following objects are masked from ‘package:methods’:

    getClasses, getMethods

The following objects are masked from ‘package:base’:

    attach, detach, load, save

R.utils v2.12.3 (2023-11-18 01:00:02 UTC) successfully loaded. See ?R.utils for help.

Attaching package: ‘R.utils’

The following objects are masked from ‘package:gdata’:

    env, resample

The following object is masked from ‘package:expss’:

    less

The following object is masked from ‘package:tidyr’:

    extract

The following object is masked from ‘package:utils’:

    timestamp

The following objects are masked from ‘package:base’:

    cat, commandArgs, getOption, isOpen, nullfile, parse, warnings

Saving 4 x 7 in image
Group done
mkdir: cannot create directory ‘Deaths4_22’: File exists
── Attaching core tidyverse packages ──────────────────────── tidyverse 2.0.0 ──
✔ dplyr     1.1.0     ✔ purrr     1.0.1
✔ forcats   1.0.0     ✔ stringr   1.5.0
✔ ggplot2   3.4.1     ✔ tibble    3.1.8
✔ lubridate 1.9.2     ✔ tidyr     1.3.0
── Conflicts ────────────────────────────────────────── tidyverse_conflicts() ──
✖ dplyr::filter() masks stats::filter()
✖ dplyr::lag()    masks stats::lag()
ℹ Use the conflicted package (<http://conflicted.r-lib.org/>) to force all conflicts to become errors
Loading required package: maditr

To aggregate several columns with one summary: take(mtcars, mpg, hp, fun = mean, by = am)


Attaching package: ‘maditr’

The following objects are masked from ‘package:dplyr’:

    between, coalesce, first, last

The following object is masked from ‘package:purrr’:

    transpose

The following object is masked from ‘package:readr’:

    cols


Attaching package: ‘expss’

The following objects are masked from ‘package:gtsummary’:

    contains, vars

The following objects are masked from ‘package:stringr’:

    fixed, regex

The following objects are masked from ‘package:dplyr’:

    compute, contains, na_if, recode, vars, where

The following objects are masked from ‘package:purrr’:

    keep, modify, modify_if, when

The following objects are masked from ‘package:tidyr’:

    contains, nest

The following object is masked from ‘package:ggplot2’:

    vars


Attaching package: ‘gt’

The following objects are masked from ‘package:expss’:

    contains, gt, tab_caption, vars

Loading required package: ggpubr

Attaching package: ‘ggpubr’

The following object is masked from ‘package:expss’:

    compare_means


Attaching package: ‘survminer’

The following object is masked from ‘package:survival’:

    myeloma


Attaching package: ‘scales’

The following object is masked from ‘package:plotrix’:

    rescale

The following object is masked from ‘package:purrr’:

    discard

The following object is masked from ‘package:readr’:

    col_factor

gdata: read.xls support for 'XLS' (Excel 97-2004) files ENABLED.

gdata: read.xls support for 'XLSX' (Excel 2007+) files ENABLED.

Attaching package: ‘gdata’

The following object is masked from ‘package:expss’:

    keep

The following objects are masked from ‘package:maditr’:

    first, last

The following objects are masked from ‘package:dplyr’:

    combine, first, last

The following object is masked from ‘package:purrr’:

    keep

The following object is masked from ‘package:stats’:

    nobs

The following object is masked from ‘package:utils’:

    object.size

The following object is masked from ‘package:base’:

    startsWith

Registered S3 method overwritten by 'gplots':
  method         from 
  reorder.factor gdata

Attaching package: ‘gplots’

The following object is masked from ‘package:gdata’:

    reorder.factor

The following object is masked from ‘package:plotrix’:

    plotCI

The following object is masked from ‘package:stats’:

    lowess

Loading required package: R.oo
Loading required package: R.methodsS3
R.methodsS3 v1.8.2 (2022-06-13 22:00:14 UTC) successfully loaded. See ?R.methodsS3 for help.
R.oo v1.26.0 (2024-01-24 05:12:50 UTC) successfully loaded. See ?R.oo for help.

Attaching package: ‘R.oo’

The following object is masked from ‘package:R.methodsS3’:

    throw

The following objects are masked from ‘package:gdata’:

    ll, trim

The following object is masked from ‘package:expss’:

    equals

The following objects are masked from ‘package:methods’:

    getClasses, getMethods

The following objects are masked from ‘package:base’:

    attach, detach, load, save

R.utils v2.12.3 (2023-11-18 01:00:02 UTC) successfully loaded. See ?R.utils for help.

Attaching package: ‘R.utils’

The following objects are masked from ‘package:gdata’:

    env, resample

The following object is masked from ‘package:expss’:

    less

The following object is masked from ‘package:tidyr’:

    extract

The following object is masked from ‘package:utils’:

    timestamp

The following objects are masked from ‘package:base’:

    cat, commandArgs, getOption, isOpen, nullfile, parse, warnings

Saving 4 x 7 in image
Group done
mkdir: cannot create directory ‘Deaths1q_22’: File exists
── Attaching core tidyverse packages ──────────────────────── tidyverse 2.0.0 ──
✔ dplyr     1.1.0     ✔ purrr     1.0.1
✔ forcats   1.0.0     ✔ stringr   1.5.0
✔ ggplot2   3.4.1     ✔ tibble    3.1.8
✔ lubridate 1.9.2     ✔ tidyr     1.3.0
── Conflicts ────────────────────────────────────────── tidyverse_conflicts() ──
✖ dplyr::filter() masks stats::filter()
✖ dplyr::lag()    masks stats::lag()
ℹ Use the conflicted package (<http://conflicted.r-lib.org/>) to force all conflicts to become errors
Loading required package: maditr

To modify variables or add new variables:
             let(mtcars, new_var = 42, new_var2 = new_var*hp) %>% head()


Attaching package: ‘maditr’

The following objects are masked from ‘package:dplyr’:

    between, coalesce, first, last

The following object is masked from ‘package:purrr’:

    transpose

The following object is masked from ‘package:readr’:

    cols


Attaching package: ‘expss’

The following objects are masked from ‘package:gtsummary’:

    contains, vars

The following objects are masked from ‘package:stringr’:

    fixed, regex

The following objects are masked from ‘package:dplyr’:

    compute, contains, na_if, recode, vars, where

The following objects are masked from ‘package:purrr’:

    keep, modify, modify_if, when

The following objects are masked from ‘package:tidyr’:

    contains, nest

The following object is masked from ‘package:ggplot2’:

    vars


Attaching package: ‘gt’

The following objects are masked from ‘package:expss’:

    contains, gt, tab_caption, vars

Loading required package: ggpubr

Attaching package: ‘ggpubr’

The following object is masked from ‘package:expss’:

    compare_means


Attaching package: ‘survminer’

The following object is masked from ‘package:survival’:

    myeloma


Attaching package: ‘scales’

The following object is masked from ‘package:plotrix’:

    rescale

The following object is masked from ‘package:purrr’:

    discard

The following object is masked from ‘package:readr’:

    col_factor

gdata: read.xls support for 'XLS' (Excel 97-2004) files ENABLED.

gdata: read.xls support for 'XLSX' (Excel 2007+) files ENABLED.

Attaching package: ‘gdata’

The following object is masked from ‘package:expss’:

    keep

The following objects are masked from ‘package:maditr’:

    first, last

The following objects are masked from ‘package:dplyr’:

    combine, first, last

The following object is masked from ‘package:purrr’:

    keep

The following object is masked from ‘package:stats’:

    nobs

The following object is masked from ‘package:utils’:

    object.size

The following object is masked from ‘package:base’:

    startsWith

Registered S3 method overwritten by 'gplots':
  method         from 
  reorder.factor gdata

Attaching package: ‘gplots’

The following object is masked from ‘package:gdata’:

    reorder.factor

The following object is masked from ‘package:plotrix’:

    plotCI

The following object is masked from ‘package:stats’:

    lowess

Loading required package: R.oo
Loading required package: R.methodsS3
R.methodsS3 v1.8.2 (2022-06-13 22:00:14 UTC) successfully loaded. See ?R.methodsS3 for help.
R.oo v1.26.0 (2024-01-24 05:12:50 UTC) successfully loaded. See ?R.oo for help.

Attaching package: ‘R.oo’

The following object is masked from ‘package:R.methodsS3’:

    throw

The following objects are masked from ‘package:gdata’:

    ll, trim

The following object is masked from ‘package:expss’:

    equals

The following objects are masked from ‘package:methods’:

    getClasses, getMethods

The following objects are masked from ‘package:base’:

    attach, detach, load, save

R.utils v2.12.3 (2023-11-18 01:00:02 UTC) successfully loaded. See ?R.utils for help.

Attaching package: ‘R.utils’

The following objects are masked from ‘package:gdata’:

    env, resample

The following object is masked from ‘package:expss’:

    less

The following object is masked from ‘package:tidyr’:

    extract

The following object is masked from ‘package:utils’:

    timestamp

The following objects are masked from ‘package:base’:

    cat, commandArgs, getOption, isOpen, nullfile, parse, warnings

Saving 4 x 7 in image
Group done
mkdir: cannot create directory ‘Deaths2q_22’: File exists
── Attaching core tidyverse packages ──────────────────────── tidyverse 2.0.0 ──
✔ dplyr     1.1.0     ✔ purrr     1.0.1
✔ forcats   1.0.0     ✔ stringr   1.5.0
✔ ggplot2   3.4.1     ✔ tibble    3.1.8
✔ lubridate 1.9.2     ✔ tidyr     1.3.0
── Conflicts ────────────────────────────────────────── tidyverse_conflicts() ──
✖ dplyr::filter() masks stats::filter()
✖ dplyr::lag()    masks stats::lag()
ℹ Use the conflicted package (<http://conflicted.r-lib.org/>) to force all conflicts to become errors
Loading required package: maditr

To select columns from data: columns(mtcars, mpg, vs:carb)


Attaching package: ‘maditr’

The following objects are masked from ‘package:dplyr’:

    between, coalesce, first, last

The following object is masked from ‘package:purrr’:

    transpose

The following object is masked from ‘package:readr’:

    cols


Attaching package: ‘expss’

The following objects are masked from ‘package:gtsummary’:

    contains, vars

The following objects are masked from ‘package:stringr’:

    fixed, regex

The following objects are masked from ‘package:dplyr’:

    compute, contains, na_if, recode, vars, where

The following objects are masked from ‘package:purrr’:

    keep, modify, modify_if, when

The following objects are masked from ‘package:tidyr’:

    contains, nest

The following object is masked from ‘package:ggplot2’:

    vars


Attaching package: ‘gt’

The following objects are masked from ‘package:expss’:

    contains, gt, tab_caption, vars

Loading required package: ggpubr

Attaching package: ‘ggpubr’

The following object is masked from ‘package:expss’:

    compare_means


Attaching package: ‘survminer’

The following object is masked from ‘package:survival’:

    myeloma


Attaching package: ‘scales’

The following object is masked from ‘package:plotrix’:

    rescale

The following object is masked from ‘package:purrr’:

    discard

The following object is masked from ‘package:readr’:

    col_factor

gdata: read.xls support for 'XLS' (Excel 97-2004) files ENABLED.

gdata: read.xls support for 'XLSX' (Excel 2007+) files ENABLED.

Attaching package: ‘gdata’

The following object is masked from ‘package:expss’:

    keep

The following objects are masked from ‘package:maditr’:

    first, last

The following objects are masked from ‘package:dplyr’:

    combine, first, last

The following object is masked from ‘package:purrr’:

    keep

The following object is masked from ‘package:stats’:

    nobs

The following object is masked from ‘package:utils’:

    object.size

The following object is masked from ‘package:base’:

    startsWith

Registered S3 method overwritten by 'gplots':
  method         from 
  reorder.factor gdata

Attaching package: ‘gplots’

The following object is masked from ‘package:gdata’:

    reorder.factor

The following object is masked from ‘package:plotrix’:

    plotCI

The following object is masked from ‘package:stats’:

    lowess

Loading required package: R.oo
Loading required package: R.methodsS3
R.methodsS3 v1.8.2 (2022-06-13 22:00:14 UTC) successfully loaded. See ?R.methodsS3 for help.
R.oo v1.26.0 (2024-01-24 05:12:50 UTC) successfully loaded. See ?R.oo for help.

Attaching package: ‘R.oo’

The following object is masked from ‘package:R.methodsS3’:

    throw

The following objects are masked from ‘package:gdata’:

    ll, trim

The following object is masked from ‘package:expss’:

    equals

The following objects are masked from ‘package:methods’:

    getClasses, getMethods

The following objects are masked from ‘package:base’:

    attach, detach, load, save

R.utils v2.12.3 (2023-11-18 01:00:02 UTC) successfully loaded. See ?R.utils for help.

Attaching package: ‘R.utils’

The following objects are masked from ‘package:gdata’:

    env, resample

The following object is masked from ‘package:expss’:

    less

The following object is masked from ‘package:tidyr’:

    extract

The following object is masked from ‘package:utils’:

    timestamp

The following objects are masked from ‘package:base’:

    cat, commandArgs, getOption, isOpen, nullfile, parse, warnings

Saving 4 x 7 in image
Group done
mkdir: cannot create directory ‘Deaths3q_22’: File exists
── Attaching core tidyverse packages ──────────────────────── tidyverse 2.0.0 ──
✔ dplyr     1.1.0     ✔ purrr     1.0.1
✔ forcats   1.0.0     ✔ stringr   1.5.0
✔ ggplot2   3.4.1     ✔ tibble    3.1.8
✔ lubridate 1.9.2     ✔ tidyr     1.3.0
── Conflicts ────────────────────────────────────────── tidyverse_conflicts() ──
✖ dplyr::filter() masks stats::filter()
✖ dplyr::lag()    masks stats::lag()
ℹ Use the conflicted package (<http://conflicted.r-lib.org/>) to force all conflicts to become errors
Loading required package: maditr

To get total summary skip 'by' argument: take_all(mtcars, mean)


Attaching package: ‘maditr’

The following objects are masked from ‘package:dplyr’:

    between, coalesce, first, last

The following object is masked from ‘package:purrr’:

    transpose

The following object is masked from ‘package:readr’:

    cols


Use 'expss_output_rnotebook()' to display tables inside R Notebooks.
 To return to the console output, use 'expss_output_default()'.


Attaching package: ‘expss’

The following objects are masked from ‘package:gtsummary’:

    contains, vars

The following objects are masked from ‘package:stringr’:

    fixed, regex

The following objects are masked from ‘package:dplyr’:

    compute, contains, na_if, recode, vars, where

The following objects are masked from ‘package:purrr’:

    keep, modify, modify_if, when

The following objects are masked from ‘package:tidyr’:

    contains, nest

The following object is masked from ‘package:ggplot2’:

    vars


Attaching package: ‘gt’

The following objects are masked from ‘package:expss’:

    contains, gt, tab_caption, vars

Loading required package: ggpubr

Attaching package: ‘ggpubr’

The following object is masked from ‘package:expss’:

    compare_means


Attaching package: ‘survminer’

The following object is masked from ‘package:survival’:

    myeloma


Attaching package: ‘scales’

The following object is masked from ‘package:plotrix’:

    rescale

The following object is masked from ‘package:purrr’:

    discard

The following object is masked from ‘package:readr’:

    col_factor

gdata: read.xls support for 'XLS' (Excel 97-2004) files ENABLED.

gdata: read.xls support for 'XLSX' (Excel 2007+) files ENABLED.

Attaching package: ‘gdata’

The following object is masked from ‘package:expss’:

    keep

The following objects are masked from ‘package:maditr’:

    first, last

The following objects are masked from ‘package:dplyr’:

    combine, first, last

The following object is masked from ‘package:purrr’:

    keep

The following object is masked from ‘package:stats’:

    nobs

The following object is masked from ‘package:utils’:

    object.size

The following object is masked from ‘package:base’:

    startsWith

Registered S3 method overwritten by 'gplots':
  method         from 
  reorder.factor gdata

Attaching package: ‘gplots’

The following object is masked from ‘package:gdata’:

    reorder.factor

The following object is masked from ‘package:plotrix’:

    plotCI

The following object is masked from ‘package:stats’:

    lowess

Loading required package: R.oo
Loading required package: R.methodsS3
R.methodsS3 v1.8.2 (2022-06-13 22:00:14 UTC) successfully loaded. See ?R.methodsS3 for help.
R.oo v1.26.0 (2024-01-24 05:12:50 UTC) successfully loaded. See ?R.oo for help.

Attaching package: ‘R.oo’

The following object is masked from ‘package:R.methodsS3’:

    throw

The following objects are masked from ‘package:gdata’:

    ll, trim

The following object is masked from ‘package:expss’:

    equals

The following objects are masked from ‘package:methods’:

    getClasses, getMethods

The following objects are masked from ‘package:base’:

    attach, detach, load, save

R.utils v2.12.3 (2023-11-18 01:00:02 UTC) successfully loaded. See ?R.utils for help.

Attaching package: ‘R.utils’

The following objects are masked from ‘package:gdata’:

    env, resample

The following object is masked from ‘package:expss’:

    less

The following object is masked from ‘package:tidyr’:

    extract

The following object is masked from ‘package:utils’:

    timestamp

The following objects are masked from ‘package:base’:

    cat, commandArgs, getOption, isOpen, nullfile, parse, warnings

Saving 4 x 7 in image
Group done
mkdir: cannot create directory ‘Deaths4q_22’: File exists
── Attaching core tidyverse packages ──────────────────────── tidyverse 2.0.0 ──
✔ dplyr     1.1.0     ✔ purrr     1.0.1
✔ forcats   1.0.0     ✔ stringr   1.5.0
✔ ggplot2   3.4.1     ✔ tibble    3.1.8
✔ lubridate 1.9.2     ✔ tidyr     1.3.0
── Conflicts ────────────────────────────────────────── tidyverse_conflicts() ──
✖ dplyr::filter() masks stats::filter()
✖ dplyr::lag()    masks stats::lag()
ℹ Use the conflicted package (<http://conflicted.r-lib.org/>) to force all conflicts to become errors
Loading required package: maditr

To get total summary skip 'by' argument: take_all(mtcars, mean)


Attaching package: ‘maditr’

The following objects are masked from ‘package:dplyr’:

    between, coalesce, first, last

The following object is masked from ‘package:purrr’:

    transpose

The following object is masked from ‘package:readr’:

    cols


Attaching package: ‘expss’

The following objects are masked from ‘package:gtsummary’:

    contains, vars

The following objects are masked from ‘package:stringr’:

    fixed, regex

The following objects are masked from ‘package:dplyr’:

    compute, contains, na_if, recode, vars, where

The following objects are masked from ‘package:purrr’:

    keep, modify, modify_if, when

The following objects are masked from ‘package:tidyr’:

    contains, nest

The following object is masked from ‘package:ggplot2’:

    vars


Attaching package: ‘gt’

The following objects are masked from ‘package:expss’:

    contains, gt, tab_caption, vars

Loading required package: ggpubr

Attaching package: ‘ggpubr’

The following object is masked from ‘package:expss’:

    compare_means


Attaching package: ‘survminer’

The following object is masked from ‘package:survival’:

    myeloma


Attaching package: ‘scales’

The following object is masked from ‘package:plotrix’:

    rescale

The following object is masked from ‘package:purrr’:

    discard

The following object is masked from ‘package:readr’:

    col_factor

gdata: read.xls support for 'XLS' (Excel 97-2004) files ENABLED.

gdata: read.xls support for 'XLSX' (Excel 2007+) files ENABLED.

Attaching package: ‘gdata’

The following object is masked from ‘package:expss’:

    keep

The following objects are masked from ‘package:maditr’:

    first, last

The following objects are masked from ‘package:dplyr’:

    combine, first, last

The following object is masked from ‘package:purrr’:

    keep

The following object is masked from ‘package:stats’:

    nobs

The following object is masked from ‘package:utils’:

    object.size

The following object is masked from ‘package:base’:

    startsWith

Registered S3 method overwritten by 'gplots':
  method         from 
  reorder.factor gdata

Attaching package: ‘gplots’

The following object is masked from ‘package:gdata’:

    reorder.factor

The following object is masked from ‘package:plotrix’:

    plotCI

The following object is masked from ‘package:stats’:

    lowess

Loading required package: R.oo
Loading required package: R.methodsS3
R.methodsS3 v1.8.2 (2022-06-13 22:00:14 UTC) successfully loaded. See ?R.methodsS3 for help.
R.oo v1.26.0 (2024-01-24 05:12:50 UTC) successfully loaded. See ?R.oo for help.

Attaching package: ‘R.oo’

The following object is masked from ‘package:R.methodsS3’:

    throw

The following objects are masked from ‘package:gdata’:

    ll, trim

The following object is masked from ‘package:expss’:

    equals

The following objects are masked from ‘package:methods’:

    getClasses, getMethods

The following objects are masked from ‘package:base’:

    attach, detach, load, save

R.utils v2.12.3 (2023-11-18 01:00:02 UTC) successfully loaded. See ?R.utils for help.

Attaching package: ‘R.utils’

The following objects are masked from ‘package:gdata’:

    env, resample

The following object is masked from ‘package:expss’:

    less

The following object is masked from ‘package:tidyr’:

    extract

The following object is masked from ‘package:utils’:

    timestamp

The following objects are masked from ‘package:base’:

    cat, commandArgs, getOption, isOpen, nullfile, parse, warnings

Saving 4 x 7 in image
Group done
