Immunityinf,ProxyBA12,high1,low1,"trend1: 0.16% (-0.43,0.76)",ProxyNew,high2,low2,"trend2: 1.47% (-0.32,3.27)",LCAll,high3,low3,"trend3: 8.88% (7.84,9.91)",LCInf,high4,low4,"trend4: 0% (0,0)"
001-061,0,0,0,0,0,0,0,0,0,0,0,0,0,0,0,0
062-122,0.876043021469357,0.917086609216452,0.814682135403693,0.890408648885626,0.914172820211756,0.987920674313671,0.390172516108185,0.844783041871467,0.583203574609303,0.63625903029012,0.522409421305988,0.506781631679816,0,0,0,0
123-183,0.884762771801707,0.948307468035376,0.743103727789664,0.887134278355979,0.80974655667285,0.928748039368342,0.491994713170676,0.815318336209064,0.462630558748231,0.58253329932613,0.3082899404309,0.329207225664967,0,0,0,0
184-244,0,0,0,0,0.614735730303156,0.761609755972755,0.377371510689512,0.785853630546662,0.197927715730052,0.599280781526032,-0.605413265787265,0.151632819650119,0,0,0,0
245-305,0.936683396412838,0.991084953717449,0.550311668301685,0.880585537296685,0.718843457965174,0.831190691070998,0.53172605450196,0.756388924884259,0.220304053705214,0.438752372500576,-0.0831685318244755,-0.0259415863647297,0,0,0,0
306-366,0.755507640236304,0.837821695154547,0.631414855151038,0.877311166767038,0.621506250824321,0.769155492155644,0.379419854936938,0.726924219221857,0.110480451407417,0.23048978639604,-0.0282449970645597,-0.203515992379578,0,0,0,0
367-427,0.855419673776833,0.912949790342838,0.759868806598819,0.874036796237391,0.70805008831565,0.869351781275998,0.347601124875952,0.697459513559454,-0.081791207498241,0.0587849154856411,-0.24336321832786,-0.381090398394427,0,0,0,0
428-488,0.833570096262144,0.903474028562961,0.713041863802851,0.870762425707743,0.505459913243583,0.815127605777342,-0.322911938461116,0.667994807897052,-0.25057535765437,-0.0759233848182659,-0.453578151790539,-0.558664804409275,0,0,0,0
489-549,0.77688725262472,0.888551309114505,0.553343357864202,0.867488055178096,0.696770327142753,0.886480091020537,0.190025473701289,0.638530102234649,-0.15226775413952,0.0989972669029576,-0.473603717788868,-0.736239210424124,0,0,0,0
