Immunityhybridfull,ProxyBA12,high1,low1,trend1,ProxyNew,high2,low2,trend2,LCAll,high3,low3,trend3,LCInf,high4,low4,trend4
001-061,0.937113445082291,0.976415166612419,0.832319409493881,0.947195461861619,0,0,0,0,0.73181258889311,0.803675966389897,0.633644000922182,0.952667938947026,0,0,0,0
062-122,0.917105879569216,0.941183878189348,0.883170889367466,0.912563643091169,0.800391803312262,0.950143021927421,0.200845423745326,0.921516675811202,0.789523952771719,0.821599404557869,0.751681510103416,0.765888807737873,0,0,0,0
123-183,0.919095720857118,0.950508132014235,0.867745901498162,0.877931824320718,0.795811821628327,0.923542597441843,0.454692275806401,0.892145875156957,0.461058884934033,0.528317130039131,0.384210146252195,0.57910967652872,0,0,0,0
184-244,0.827802246798059,0.885796281930638,0.740358136240475,0.843300005550268,0.897304179858662,0.957373332938372,0.752586064041682,0.862775074502713,0.268189800975465,0.354115017033536,0.170833536124905,0.392330545319567,0,0,0,0
245-305,0.826960803857464,0.907007136179852,0.678012245546441,0.808668186779817,0.795045502077627,0.876933489250824,0.658669560362967,0.833404273848468,0.0244912893670667,0.214012139139857,-0.210727661212641,0.205551414110414,0,0,0,0
306-366,0.74416751674853,0.893597984798353,0.384877632603331,0.774036368009367,0.798046697572854,0.883143009409795,0.650982485898034,0.804033473194223,-0.377038717716208,0.0863895180381313,-1.07554058050818,0.0187722829012603,0,0,0,0
367-427,0.767196039346826,0.967225096996615,-0.653633699242604,0.739404549238917,0.59691133955162,0.744034784304603,0.365224420276605,0.774662672539978,0.207128716475515,0.801838336776863,-2.17238391126082,-0.168006848307893,0,0,0,0
428-488,0,0,0,0,0.788815286032706,0.905361111167468,0.528745698902195,0.745291871885733,0,0,0,0,0,0,0,0
489-549,0,0,0,0,0.588179533786519,0.81546845473237,0.0809371040256569,0.715921071231489,0,0,0,0,0,0,0,0
